compagnie;nom;canal;etat_finder_actuel;ancienne_information_disponible;url_officielle;fait_officiel_trouve;preuve_raccordee;tarif_trouve;tarif_raccorde;classe_pre_lecture;categorie_inventaire;action
"airline_aegean";"Aegean Airlines";"cabin";"accepted_with_conditions";"éditorial « Allowed » — One cat or dog ≤ 8 kg incl. carrier in an approved carrier under the seat; window seat, not first row/exit. Not when travelling with an infa | plafond hérité 8 kg (chien + contenant)";"https://en.aegeanair.com/travel-info/travelling-with-aegean/special-assistance/traveling-with-pet/";"« The maximum permitted weight for a pet, combined with its container, is eight (8) kilos. » (Pets in cabin, en, lu le 2026-09-08)";"oui";"hérité (inventaire, non prouvé) : fareList : Cabin: €35 domestic / €65 intl";"non — aucun tarif n'atteint le Finder aujourd'hui";"décision du Finder déjà correcte (citée)";"A";"tarif hérité présent, masqué : contre-vérifier sur la page officielle (Codex), puis raccorder"
"airline_aegean";"Aegean Airlines";"hold";"accepted_with_conditions";"éditorial « Allowed » — Cats & dogs only (medium 8–25 kg / large > 25 kg) in the hold of A320/A321/ATR; not for connections over 3 h. Snub-nosed breeds barred. | brachycéphales refusés (hérité)";"https://en.aegeanair.com/travel-info/travelling-with-aegean/special-assistance/traveling-with-pet/";"« If you have a larger cat or dog which exceeds the eight (8) kilos weight limit (including its container), then it should only be transported in the baggage hold compartment of the aircraft. » (Animals in aircraft hold, en, lu le 2026-09-08)";"oui";"hérité (inventaire, non prouvé) : fareList : Hold — medium (8–25 kg): €50–120 | fareList : Hold — large (> 25 kg): €90–190";"non — aucun tarif n'atteint le Finder aujourd'hui";"décision du Finder déjà correcte (citée)";"A";"tarif hérité présent, masqué : contre-vérifier sur la page officielle (Codex), puis raccorder"
"airline_aegean";"Aegean Airlines";"cargo";"confirmation_required (legacy_unreviewed)";"éditorial « Via cargo » — Unaccompanied pets, crates over 105 × 75 × 79 cm, or cats/dogs to the UK.";"https://en.aegeanair.com/";"À LIRE (Codex)";"non";"À LIRE (Codex)";"non — aucun tarif n'atteint le Finder aujourd'hui";"ancienne information présente, non raccordée (piste)";"C";"lire la page officielle actuelle (Codex) : citation, locator, langue, date → import"
"airline_aer_lingus";"Aer Lingus";"cabin";"denied";"éditorial « Not allowed » — No pets in the cabin — only trained service dogs. Emotional-support animals refused.";"https://www.aerlingus.com/localized/en/modals/baggage-information.html";"« Pets must be booked to travel with a pet agent, and they will be carried in the aircraft hold. » (Baggage Information → General Animals & Pets Rules, en, lu le 2026-09-09)";"oui";"hérité (inventaire, non prouvé) : fareList : Cabin / hold: Not carried | fareList : Service dog (cabin): Free";"non — aucun tarif n'atteint le Finder aujourd'hui";"décision du Finder déjà correcte (citée)";"A";"tarif hérité présent, masqué : contre-vérifier sur la page officielle (Codex), puis raccorder"
"airline_aer_lingus";"Aer Lingus";"hold";"accepted_with_conditions";"éditorial « Not allowed » — Pets aren't accepted as checked baggage — a pet brought to check-in won't be accepted. | conditions héritées : Pets must be booked through a pet agent and travel in the aircraft hold, subject to the operating airline, aircraft and ";"https://www.aerlingus.com/localized/en/modals/baggage-information.html";"« Pets must be booked to travel with a pet agent, and they will be carried in the aircraft hold. » (Baggage Information → General Animals & Pets Rules, en, lu le 2026-09-09)";"oui";"hérité (inventaire, non prouvé) : fareList : Cabin / hold: Not carried";"non — aucun tarif n'atteint le Finder aujourd'hui";"décision du Finder déjà correcte (citée)";"A";"tarif hérité présent, masqué : contre-vérifier sur la page officielle (Codex), puis raccorder"
"airline_aer_lingus";"Aer Lingus";"cargo";"confirmation_required (legacy_unreviewed)";"éditorial « Via agent » — Cats & dogs travel via IAG Cargo (pet agent) in a temperature-controlled hold. Not on Aer Lingus Regional (Emerald).";"https://www.aerlingus.com";"À LIRE (Codex)";"non";"hérité (inventaire, non prouvé) : fareList : IAG Cargo (via pet agent): Quote";"non — aucun tarif n'atteint le Finder aujourd'hui";"ancienne information présente, non raccordée (piste)";"C";"lire la page officielle actuelle (Codex) : citation, locator, langue, date → import"
"airline_aerolineas_argentinas";"Aerolíneas Argentinas";"cabin";"accepted_with_conditions";"éditorial « Allowed » — Dogs and cats from 12 weeks, 9 kg carrier included, one animal per passenger and per carrier. Soft carrier compulsory since 1 April 2024, ma | plafond hérité 9 kg (chien + contenant)";"https://portalar.aerolineas.com.ar/campus/pluginfile.php/9597/mod_resource/content/2/resumen_obligaciones.pdf";"« Se puede transportar solamente un perro o gato, de máx. 9 kilos en el contenedor correspondiente. » (ANIMALES EN LA CABINA — page 4, es, lu le 2026-09-09)";"oui";"hérité (inventaire, non prouvé) : fareList : Cabin — domestic: ARS 54,450 | fareList : Cabin — South America: USD 150 | fareList : Cabin — United States: USD 200 | fareList : Cabin — Europe: USD 250 / EUR 200";"non — aucun tarif n'atteint le Finder aujourd'hui";"décision du Finder déjà correcte (citée)";"A";"tarif hérité présent, masqué : contre-vérifier sur la page officielle (Codex), puis raccorder"
"airline_aerolineas_argentinas";"Aerolíneas Argentinas";"hold";"accepted_with_conditions";"éditorial « Allowed » — Dogs and cats from 12 weeks. No weight limit on the animal — the crate governs, up to 100 × 70 × 80 cm, rigid with a metal door and no wheel | brachycéphales refusés (hérité)";"https://portalar.aerolineas.com.ar/campus/pluginfile.php/9597/mod_resource/content/2/resumen_obligaciones.pdf";"« se trasporta en bodega » (ANIMALES EN LA CABINA — page 4, es, lu le 2026-09-09)";"oui";"hérité (inventaire, non prouvé) : fareList : Hold — domestic (small crate): ARS 229,900 | fareList : Hold — South America: USD 330 | fareList : Hold — Europe (crate ≤ 80 × 55 × 60 cm): USD 499 / EUR 419 | fareList : Hold — Europe (large crate): USD 1,149 / EUR 969";"non — aucun tarif n'atteint le Finder aujourd'hui";"décision du Finder déjà correcte (citée)";"A";"tarif hérité présent, masqué : contre-vérifier sur la page officielle (Codex), puis raccorder"
"airline_aerolineas_argentinas";"Aerolíneas Argentinas";"cargo";"accepted_with_conditions";"éditorial « Via cargo » — The only route for flat-faced breeds (barred from the hold but accepted in cargo) and for the eighteen breeds listed as dangerous, which mus";"https://cargo.aerolineas.com.ar/es-AR/envios_personales";"« Aerolineas Cargo ofrece transporte de mascotas y otros animales vivos a todos nuestros destinos. » (ANIMALES VIVOS → INFORMACIÓN GENERAL, es, lu le 2026-09-09)";"oui";"À LIRE (Codex)";"non — aucun tarif n'atteint le Finder aujourd'hui";"décision du Finder déjà correcte (citée)";"A";"relire la page pour un tarif officiel (Codex)"
"airline_aeromexico";"Aeromexico";"cabin";"accepted_with_conditions";"éditorial « Allowed » — Dogs & cats only, ≤ 9 kg incl. carrier under the seat; one per passenger; window/non-bulkhead. Snub-nosed breeds allowed here. | plafond hérité 9 kg (chien + contenant)";"https://beta.aeromexico.com/es-mx/informacion-de-vuelos/transporte-aereo-de-mascotas";"« Mascota bajo el asiento (PETC) / Pet with you | Perros, Gatos | Sin límite de tiempo (cumpliendo requisitos de cada país) | Cabina | Hasta 9 kg (Incluyendo transportadora) » (Servicios de Mascotas → Tipos de servicios para viajar con tu mascota, es, lu le 2026-09-09)";"oui";"hérité (inventaire, non prouvé) : fareList : Cabin (≤ 9 kg): $182–189 / segment";"non — aucun tarif n'atteint le Finder aujourd'hui";"décision du Finder déjà correcte (citée)";"A";"tarif hérité présent, masqué : contre-vérifier sur la page officielle (Codex), puis raccorder"
"airline_aeromexico";"Aeromexico";"hold";"accepted_with_conditions";"éditorial « Allowed » — Checked pet (AVIH): cats, dogs & birds up to 45 kg incl. kennel, on your flight. Not on some Embraer 190. | plafond hérité 45 kg (chien + contenant) | brachycéphales refusés (hérité)";"https://beta.aeromexico.com/es-mx/informacion-de-vuelos/transporte-aereo-de-mascotas";"« Mascota en bodega (AVIH) / Checked pet | Perros, Gatos, Gallos | Sin límite de tiempo (cumpliendo requisitos de cada país) | Bodega | Hasta 45 kg (Incluyendo transportadora) » (Servicios de Mascotas → Tipos de servicios para viajar con tu mascota, es, lu le 2026-09-09)";"oui";"hérité (inventaire, non prouvé) : fareList : Hold (≤ 45 kg): $283–290 / segment";"non — aucun tarif n'atteint le Finder aujourd'hui";"décision du Finder déjà correcte (citée)";"A";"tarif hérité présent, masqué : contre-vérifier sur la page officielle (Codex), puis raccorder"
"airline_aeromexico";"Aeromexico";"cargo";"confirmation_required (legacy_unreviewed)";"éditorial « On request » — Over cabin/hold limits or exotic species, via Aeromexico Cargo (Live Animals).";"https://www.aeromexico.com";"À LIRE (Codex)";"non";"hérité (inventaire, non prouvé) : fareList : Aeromexico Cargo: Quote";"non — aucun tarif n'atteint le Finder aujourd'hui";"ancienne information présente, non raccordée (piste)";"C";"lire la page officielle actuelle (Codex) : citation, locator, langue, date → import"
"airline_air_algerie";"Air Algérie";"cabin";"accepted_with_conditions";"éditorial « Allowed » — Small cats, dogs, hamsters, birds or turtles ≤ 6 kg incl. carrier at your feet (max 55 + 40 + 20 cm); counts as your cabin bag.";"https://airalgerie.dz/en/plan-your-trip/baggage/travel-with-pets/";"« only small pets under 6 kg are accepted on board » (Travel with pets → Pets travelling in cabin, en, lu le 2026-09-09)";"oui";"hérité (inventaire, non prouvé) : fareList : Cabin (≤ 6 kg): Excess-baggage rate";"non — aucun tarif n'atteint le Finder aujourd'hui";"décision du Finder déjà correcte (citée)";"A";"tarif hérité présent, masqué : contre-vérifier sur la page officielle (Codex), puis raccorder"
"airline_air_algerie";"Air Algérie";"hold";"accepted_with_conditions";"éditorial « Allowed » — Over 6 kg (pet + cage < 23 kg) in a robust, watertight, ventilated crate in a warm, pressurised hold. Not to/from the UK.";"https://airalgerie.dz/en/plan-your-trip/baggage/travel-with-pets/";"« your pet must be transported in the hold » (Travel with pets → Pets travel in the hold, en, lu le 2026-09-09)";"oui";"hérité (inventaire, non prouvé) : fareList : Hold (< 23 kg): Excess-baggage rate";"non — aucun tarif n'atteint le Finder aujourd'hui";"décision du Finder déjà correcte (citée)";"A";"tarif hérité présent, masqué : contre-vérifier sur la page officielle (Codex), puis raccorder"
"airline_air_algerie";"Air Algérie";"cargo";"confirmation_required (legacy_unreviewed)";"éditorial « Via cargo » — Oversize, or all pets to/from the UK (freight only).";"https://www.airalgerie.dz";"À LIRE (Codex)";"non";"À LIRE (Codex)";"non — aucun tarif n'atteint le Finder aujourd'hui";"ancienne information présente, non raccordée (piste)";"C";"lire la page officielle actuelle (Codex) : citation, locator, langue, date → import"
"airline_air_astana";"Air Astana";"cabin";"accepted_with_conditions";"éditorial « Allowed » — Cats, small dogs, tortoises and land snails, 8 kg (17 lb) container included. The carrier size depends on your class: 26 × 40 × 20 cm in Bus";"https://help.airastana.com/hc/ru/sections/4417967707410-%D0%9F%D0%B5%D1%80%D0%B5%D0%B2%D0%BE%D0%B7%D0%BA%D0%B0-%D0%B6%D0%B8%D0%B2%D0%BE%D1%82%D0%BD%D1%8B%D1%85";"« Перевозка домашних животных (кошек или собак) в салоне самолета разрешена » (Правила и нормы перевозки домашних животных в салоне самолета, ru, lu le 2026-09-09)";"oui";"À LIRE (Codex)";"non — aucun tarif n'atteint le Finder aujourd'hui";"décision du Finder déjà correcte (citée)";"A";"relire la page pour un tarif officiel (Codex)"
"airline_air_astana";"Air Astana";"hold";"accepted_with_conditions";"éditorial « Allowed » — Up to 50 kg crate included, from 3 months old, two animals in the hold per flight. Above 40 kg the crate must be made of sturdy wood. Flat-f | brachycéphales refusés (hérité)";"https://help.airastana.com/hc/ru/sections/4417967707410-%D0%9F%D0%B5%D1%80%D0%B5%D0%B2%D0%BE%D0%B7%D0%BA%D0%B0-%D0%B6%D0%B8%D0%B2%D0%BE%D1%82%D0%BD%D1%8B%D1%85";"« Правила перевозки животных в багажном отсеке » (Правила перевозки животных в багажном отсеке, ru, lu le 2026-09-09)";"oui";"À LIRE (Codex)";"non — aucun tarif n'atteint le Finder aujourd'hui";"décision du Finder déjà correcte (citée)";"A";"relire la page pour un tarif officiel (Codex)"
"airline_air_astana";"Air Astana";"cargo";"accepted_with_conditions";"éditorial « Mandatory on some routes » — Cargo is the only option to the United Kingdom, Ireland, South Africa, Australia and the United Arab Emirates — neither cabin nor hold is av";"https://help.airastana.com/hc/ru/sections/4417967707410-%D0%9F%D0%B5%D1%80%D0%B5%D0%B2%D0%BE%D0%B7%D0%BA%D0%B0-%D0%B6%D0%B8%D0%B2%D0%BE%D1%82%D0%BD%D1%8B%D1%85";"« животные должны быть транспортированы исключительно по грузовой авианакладной » (Существуют ли особые ограничения для других стран?, ru, lu le 2026-09-09)";"oui";"À LIRE (Codex)";"non — aucun tarif n'atteint le Finder aujourd'hui";"décision du Finder déjà correcte (citée)";"A";"relire la page pour un tarif officiel (Codex)"
"airline_air_austral";"Air Austral";"cabin";"accepted_with_conditions";"éditorial « Allowed » — Cats and dogs strictly under 8 kg container included, in a soft zip-up bag or a small crate sized like cabin baggage. Air Austral publishes  | plafond hérité 8 kg (chien + contenant)";"https://www.air-austral.com/preparer-mon-vol/demandes-speciales/animaux.html";"« le poids de l'animal + son contenant doit être inférieur à 8 kg » (Animaux acceptés en cabine (PETC), fr, lu le 2026-09-09)";"oui";"hérité (inventaire, non prouvé) : fareList : Cabin: €125 per one-way";"non — aucun tarif n'atteint le Finder aujourd'hui";"décision du Finder déjà correcte (citée)";"A";"tarif hérité présent, masqué : contre-vérifier sur la page officielle (Codex), puis raccorder"
"airline_air_austral";"Air Austral";"hold";"accepted_with_conditions";"éditorial « Allowed » — From 8 kg and up to 75 kg crate included, in one of five published sizes: T-100 (54 × 41 × 39 cm, 7 kg) up to T-700 (121 × 81 × 90 cm, 55 kg";"https://www.air-austral.com/preparer-mon-vol/demandes-speciales/animaux.html";"« Le transport en soute est obligatoire » (Animaux transportés en soute (AVIH), fr, lu le 2026-09-09)";"oui";"hérité (inventaire, non prouvé) : fareList : Hold: €200 per one-way";"non — aucun tarif n'atteint le Finder aujourd'hui";"décision du Finder déjà correcte (citée)";"A";"tarif hérité présent, masqué : contre-vérifier sur la page officielle (Codex), puis raccorder"
"airline_air_austral";"Air Austral";"cargo";"confirmation_required (legacy_unreviewed)";"éditorial « Via cargo » — Cargo is required above 75 kg and for any species other than cats and dogs. The same page also routes category 2 dogs to cargo on Réunion → ";"https://www.air-austral.com";"À LIRE (Codex)";"non";"À LIRE (Codex)";"non — aucun tarif n'atteint le Finder aujourd'hui";"ancienne information présente, non raccordée (piste)";"C";"lire la page officielle actuelle (Codex) : citation, locator, langue, date → import"
"airline_air_canada";"Air Canada";"cabin";"accepted_with_conditions";"éditorial « Allowed » — One cat or small dog in a soft carrier under the seat; not in Premium Economy or exit rows. Soft-sided only since June 2025. | conditions héritées : One cat or small dog per passenger; soft-sided carrier under the seat; pet at least 10 weeks old.";"https://www.aircanada.com/ca/en/aco/home/plan/special-assistance/pets.html";"« Your cat or small dog is welcome to join you in the cabin, as long as they’re kept in a flexible, soft sided carrier under the seat in front of you. » (Travelling with your Pet → In the Cabin, en, lu le 2026-09-08)";"oui";"hérité (inventaire, non prouvé) : fee hérité : CA/US $50–$60 one-way (higher international) | fareList : Cabin — Canada / US: $50–60 | fareList : Cabin — international: $100–120";"non — aucun tarif n'atteint le Finder aujourd'hui";"décision du Finder déjà correcte (citée)";"A";"tarif hérité présent, masqué : contre-vérifier sur la page officielle (Codex), puis raccorder"
"airline_air_canada";"Air Canada";"hold";"accepted_with_conditions";"éditorial « Allowed » — Cats & dogs as checked baggage (pet + kennel ≤ 45 kg) in the pressurised hold — subject to heavy seasonal and aircraft limits. | conditions héritées : Hard-sided kennel; pet plus kennel max 45 kg; snub-nosed breeds barred; seasonal heat/cold embargoes; no pets 18 Dec–4 J";"https://www.aircanada.com/ca/en/aco/home/plan/special-assistance/pets.html";"« Your pet can't fly in the cabin with you? It can still travel safely and comfortably on the same flight as you, in the pressurized cargo compartment of most of our aircraft. » (Travelling with your Pet → In the Baggage Compartment, en, lu le 2026-09-08)";"oui";"hérité (inventaire, non prouvé) : fee hérité : CA/US $105–$126 (Canada/US); $270–$324 international | fareList : Hold — Canada / US: $105–126 | fareList : Hold — international: $270–324";"non — aucun tarif n'atteint le Finder aujourd'hui";"décision du Finder déjà correcte (citée)";"A";"tarif hérité présent, masqué : contre-vérifier sur la page officielle (Codex), puis raccorder"
"airline_air_canada";"Air Canada";"cargo";"confirmation_required (official_source_unquoted)";"éditorial « On request » — Unaccompanied pets, oversize kennels, more than 2 pets, or winter transport. Drop-off at a cargo facility. | conditions héritées : Via Air Canada Cargo (AC Animals) for pets travelling alone or kennels over 45 kg.";"https://www.aircanada.com/ca/en/aco/home/plan/special-assistance/pets.html";"À LIRE (Codex)";"non";"À LIRE (Codex)";"non — aucun tarif n'atteint le Finder aujourd'hui";"ancienne information présente, non raccordée (piste)";"B";"lire la page officielle actuelle (Codex) : citation, locator, langue, date → import"
"airline_air_caraibes";"Air Caraïbes";"cabin";"accepted_with_conditions";"éditorial « Allowed » — Dogs, cats & small rodents ≤ 8 kg incl. carrier (transatlantic) in a soft bag under the seat (max 43 × 35 × 20 cm). Snub-nosed allowed here.";"https://www.aircaraibes.com/avant-voyage/demandes-particulieres/animaux";"« sont uniquement les chiens, chats » (Animaux en cabine → Présentation, fr, lu le 2026-09-09)";"oui";"hérité (inventaire, non prouvé) : fareList : Cabin — transatlantic: €75 | fareList : Cabin — short-haul: €10";"non — aucun tarif n'atteint le Finder aujourd'hui";"décision du Finder déjà correcte (citée)";"A";"tarif hérité présent, masqué : contre-vérifier sur la page officielle (Codex), puis raccorder"
"airline_air_caraibes";"Air Caraïbes";"hold";"accepted_with_conditions";"éditorial « Allowed » — Dogs & cats only (AVIH) up to 75 kg incl. cage (transatlantic) in a rigid travel crate. Two pets ≤ 14 kg each may share. | brachycéphales refusés (hérité)";"https://www.aircaraibes.com/avant-voyage/demandes-particulieres/animaux";"« sont les chiens et chats uniquement (sous réserve d'acceptation de la compagnie). » (Animaux en soute → Présentation, fr, lu le 2026-09-09)";"oui";"hérité (inventaire, non prouvé) : fareList : Hold — transatlantic: €150 | fareList : Hold — short-haul: €20";"non — aucun tarif n'atteint le Finder aujourd'hui";"décision du Finder déjà correcte (citée)";"A";"tarif hérité présent, masqué : contre-vérifier sur la page officielle (Codex), puis raccorder"
"airline_air_caraibes";"Air Caraïbes";"cargo";"accepted_with_conditions";"éditorial « Via freight » — Other species, oversize, and snub-nosed dogs/cats (barred from hold & FRET on transatlantic).";"https://www.aircaraibes.com/avant-voyage/demandes-particulieres/animaux";"« devront voyager par FRET. » (Animaux en soute → Règles de transport, fr, lu le 2026-09-09)";"oui";"À LIRE (Codex)";"non — aucun tarif n'atteint le Finder aujourd'hui";"décision du Finder déjà correcte (citée)";"A";"relire la page pour un tarif officiel (Codex)"
"airline_air_china";"Air China";"cabin";"accepted_with_conditions";"éditorial « Not allowed » — Pets can't enter the cabin — only trained service dogs. Cats & dogs travel in the hold. | conditions héritées : Pet dogs and cats on flights operated by Air China only: advance booking, a maximum of 2 pets per flight and 1 per passe";"https://m.airchina.com.cn/ac/c/invoke/specialService/petCabinAgreement%40pg";"« A maximum of 2 pets are permitted per flight, and each passenger may bring no more than 1 pet into the cabin. » (Agreement for In-Cabin Transportation of Pets → I. Carrier's Regulations on Pet Transportation, en, lu le 2026-09-09)";"oui";"À LIRE (Codex)";"non — aucun tarif n'atteint le Finder aujourd'hui";"décision du Finder déjà correcte (citée)";"A";"relire la page pour un tarif officiel (Codex)"
"airline_air_china";"Air China";"hold";"accepted_with_conditions";"éditorial « Allowed » — Cats & dogs (≤ 32 kg incl. container) in an oxygen-equipped hold; not on A319/A320/737-8MAX/ARJ21. One per passenger; check in 120 min ahead";"https://www.airchina.com.cn/en-US/content/travel_info/preparing/luggage/check/small_animals/";"« Should you require your pet to be carried as checked baggage, please ensure that you submit an application when you make your reservation, as pets will only be carried following approval by Air China. » (Pets as Checked Baggage → Carriage requirements, en, lu le 2026-09-09)";"oui";"hérité (inventaire, non prouvé) : fareList : Hold (≤ 32 kg): Special-baggage fee";"non — aucun tarif n'atteint le Finder aujourd'hui";"décision du Finder déjà correcte (citée)";"A";"tarif hérité présent, masqué : contre-vérifier sur la page officielle (Codex), puis raccorder"
"airline_air_china";"Air China";"cargo";"confirmation_required (legacy_unreviewed)";"éditorial « Via cargo » — Larger animals travel via Air China Cargo.";"https://www.airchina.com";"À LIRE (Codex)";"non";"hérité (inventaire, non prouvé) : fareList : Cargo (large): Quote";"non — aucun tarif n'atteint le Finder aujourd'hui";"ancienne information présente, non raccordée (piste)";"C";"lire la page officielle actuelle (Codex) : citation, locator, langue, date → import"
"airline_air_europa";"Air Europa";"cabin";"accepted_with_conditions";"éditorial « Allowed » — Dogs & cats only (pet ≤ 8 kg, pet + carrier ≤ 10 kg) in a soft carrier under the seat (max 40 × 30 × 30 cm). Not in Business. | plafond hérité 8 kg (chien seul)";"https://www.aireuropa.com/us/en/aea/informacion-para-volar/pasajeros/mascotas.html";"« Maximum Weight: The weight of the pet cannot exceed 8 kg. The overall weight of the carrier and pet cannot exceed 10 kg. » (Flying with pets on board → Animals in the cabin, en, lu le 2026-09-08)";"oui";"hérité (inventaire, non prouvé) : fareList : Cabin — domestic Spain: €35 | fareList : Cabin — Europe/Africa/America: €50 | fareList : Cabin — long-haul: €150–175";"non — aucun tarif n'atteint le Finder aujourd'hui";"décision du Finder déjà correcte (citée)";"A";"tarif hérité présent, masqué : contre-vérifier sur la page officielle (Codex), puis raccorder"
"airline_air_europa";"Air Europa";"hold";"accepted_with_conditions";"éditorial « Allowed » — Cats & dogs (pet + kennel ≤ 50 kg) in a rigid kennel with a metal door; two similar pets ≤ 14 kg each may share. | brachycéphales refusés (hérité)";"https://www.aireuropa.com/us/en/aea/informacion-para-volar/pasajeros/mascotas.html";"« Pets may travel on board or in the aircraft hold depending on their species, breed and weight. » (Flying with pets on board → How can I fly with my pet?, en, lu le 2026-09-08)";"oui";"hérité (inventaire, non prouvé) : fareList : Hold (domestic → long-haul): €90–350";"non — aucun tarif n'atteint le Finder aujourd'hui";"décision du Finder déjà correcte (citée)";"A";"tarif hérité présent, masqué : contre-vérifier sur la page officielle (Codex), puis raccorder"
"airline_air_europa";"Air Europa";"cargo";"confirmation_required (legacy_unreviewed)";"éditorial « Via cargo » — Other species, more than 5 pets, and all pets to/from the UK.";"https://www.aireuropa.com";"À LIRE (Codex)";"non";"À LIRE (Codex)";"non — aucun tarif n'atteint le Finder aujourd'hui";"ancienne information présente, non raccordée (piste)";"C";"lire la page officielle actuelle (Codex) : citation, locator, langue, date → import"
"airline_air_france";"Air France";"cabin";"accepted_with_conditions";"éditorial « Allowed » — Dog or cat under 8 kg, soft ventilated bag under the seat (46 × 28 × 24 cm). | plafond hérité 8 kg (chien + contenant) | conditions héritées : One animal per carrier, minimum 15 weeks old; soft bag under the seat. Snub-nosed breeds allowed in the cabin.";"https://wwws.airfrance.fr/information/passagers/voyager-avec-son-animal-chien-chat";"« En cabine (chats et chiens de moins de 8 kg, sac de transport compris) » (Transport de chiens, de chats et autres animaux de compagnie → option En cabine, fr, lu le 2026-09-10)";"oui";"hérité (inventaire, non prouvé) : fee hérité : €70 (within France) to €200 (US/Canada–Europe)";"non — aucun tarif n'atteint le Finder aujourd'hui";"décision du Finder déjà correcte (citée)";"A";"tarif hérité présent, masqué : contre-vérifier sur la page officielle (Codex), puis raccorder"
"airline_air_france";"Air France";"hold";"accepted_with_conditions";"éditorial « Allowed » — From 8 kg up to 75 kg (kennel included). Add ≥ 24 h before departure. | plafond hérité 75 kg (chien + contenant) | conditions héritées : Pet plus IATA kennel from 8 to 75 kg; snub-nosed breeds not accepted in the hold; not available in intercontinental Busi";"https://wwws.airfrance.fr/en/information/passagers/voyager-avec-son-animal-chien-chat";"« If your cat or dog weighs more than 8 kg/17.64 lb. and up to 75 kg/165.35 lb. with its carrier, it must travel in the hold. » (Important!, en, lu le 2026-09-08)";"oui";"hérité (inventaire, non prouvé) : fee hérité : €100 to €600";"non — aucun tarif n'atteint le Finder aujourd'hui";"décision du Finder déjà correcte (citée)";"A";"tarif hérité présent, masqué : contre-vérifier sur la page officielle (Codex), puis raccorder"
"airline_air_france";"Air France";"cargo";"confirmation_required (official_source_unquoted)";"éditorial « On request » — Over 75 kg or when the route requires it. Via an authorised handler. | conditions héritées : Via an approved cargo transporter — the only option to the UK, Dubai and Abu Dhabi.";"https://wwws.airfrance.us/information/passagers/voyager-avec-son-animal-chien-chat";"À LIRE (Codex)";"non";"À LIRE (Codex)";"non — aucun tarif n'atteint le Finder aujourd'hui";"ancienne information présente, non raccordée (piste)";"B";"lire la page officielle actuelle (Codex) : citation, locator, langue, date → import"
"airline_air_india";"Air India";"cabin";"accepted_with_conditions";"éditorial « Allowed » — Cats & dogs (8 weeks+) ≤ 10 kg incl. carrier in a soft kennel under the seat (last 5 rows, Economy); max 2/flight. Not to US/Canada/UK/Austr | plafond hérité 10 kg (chien + contenant)";"https://www.airindia.com/in/en/frequently-asked-questions/pet-travel.html";"« The combined weight of the pet and the carrier must not exceed 10 kg / 22 lb to travel in the cabin. Pets of heavier weight will be carried in the aircraft hold. » (Pet Travel FAQ → maximum permissible weight in cabin, en, lu le 2026-09-08)";"oui";"hérité (inventaire, non prouvé) : fareList : Cabin — domestic: ₹7,500 | fareList : Cabin — international: $140–225 / sector";"non — aucun tarif n'atteint le Finder aujourd'hui";"décision du Finder déjà correcte (citée)";"A";"tarif hérité présent, masqué : contre-vérifier sur la page officielle (Codex), puis raccorder"
"airline_air_india";"Air India";"hold";"accepted_with_conditions";"éditorial « Allowed » — Pets 10–32 kg incl. carrier as checked baggage in a hard travel crate; availability depends on the aircraft. | brachycéphales refusés (hérité)";"https://www.airindia.com/in/en/frequently-asked-questions/pet-travel.html";"« We allow passengers to travel with their domesticated cats and dogs on board our domestic and select international flights in the passenger cabin or the aircraft hold as checked baggage, subject to approvals by Air India. » (Pet Travel FAQ → What is Air India’s pet policy?, en, lu le 2026-09-08)";"oui";"hérité (inventaire, non prouvé) : fareList : Hold — domestic: ₹16,000 | fareList : Hold — international: $350";"non — aucun tarif n'atteint le Finder aujourd'hui";"décision du Finder déjà correcte (citée)";"A";"tarif hérité présent, masqué : contre-vérifier sur la page officielle (Codex), puis raccorder"
"airline_air_india";"Air India";"cargo";"accepted_with_conditions";"éditorial « Via cargo » — Over 32 kg and UK routes via Air India Cargo (airport-to-airport); not on ultra-long-haul US/Canada.";"https://www.airindia.com/in/en/frequently-asked-questions/pet-travel.html";"« If your pet weighs more than 10 kg / 22 lb, then it must be transported as checked baggage. If the combined weight of the pet and the container is over 32 kg / 70 lb they must be carried as cargo. » (Pet Travel FAQ → When does my pet need to be transported as checked baggage or cargo?, en, lu le 2026-09-08)";"oui";"À LIRE (Codex)";"non — aucun tarif n'atteint le Finder aujourd'hui";"décision du Finder déjà correcte (citée)";"A";"relire la page pour un tarif officiel (Codex)"
"airline_air_mauritius";"Air Mauritius";"cabin";"denied";"éditorial « Not allowed » — Strict no-pets-in-cabin policy — only guide dogs for passengers with disabilities.";"https://www.airmauritius.com/en-de/help/faq/travelling-with-pets";"« Kindly be advised that Air Mauritius adheres to a no-pets policy for in-cabin transportation. » (FAQ Travelling with pets → Can I travel with my pet onboard the cabin?, en, lu le 2026-09-09)";"oui";"À LIRE (Codex)";"non — aucun tarif n'atteint le Finder aujourd'hui";"décision du Finder déjà correcte (citée)";"A";"relire la page pour un tarif officiel (Codex)"
"airline_air_mauritius";"Air Mauritius";"hold";"accepted_with_conditions";"éditorial « Allowed » — With prior reservation & documents, dogs, cats & household birds as checked baggage from Mauritius, per IATA rules. Reptiles/rodents cargo-o";"https://www.airmauritius.com/en-au/before-you-fly/travel-information/assistance-and-health/travelling-with-pets";"« Even though your pet can't fly in the cabin with you, it can still travel safely and comfortably on the same flight as you, in the hold of most of our aircraft. » (Travelling with Pets → opening policy statement, en, lu le 2026-09-09)";"oui";"hérité (inventaire, non prouvé) : fareList : Hold (checked, per IATA): Excess-baggage rate (on request)";"non — aucun tarif n'atteint le Finder aujourd'hui";"décision du Finder déjà correcte (citée)";"A";"tarif hérité présent, masqué : contre-vérifier sur la page officielle (Codex), puis raccorder"
"airline_air_mauritius";"Air Mauritius";"cargo";"accepted_with_conditions";"éditorial « Via cargo » — Solo pets, unusual sizes, reptiles & rodents via cargo or a freight forwarder.";"https://www.airmauritius.com/en-au/before-you-fly/travel-information/assistance-and-health/travelling-with-pets";"« Please contact our Air Mauritius Cargo Office or liaise with your freight forwarder, who will provide you with valuable guidelines on how to prepare your pets for travel, assist with the relevant formalities, and book space with Air Mauritius. » (Travelling with Pets → Pets travelling as cargo, en, lu le 2026-09-09)";"oui";"hérité (inventaire, non prouvé) : fareList : Cargo (solo / unusual): Quote";"non — aucun tarif n'atteint le Finder aujourd'hui";"décision du Finder déjà correcte (citée)";"A";"tarif hérité présent, masqué : contre-vérifier sur la page officielle (Codex), puis raccorder"
"airline_air_new_zealand";"Air New Zealand";"cabin";"confirmation_required (legacy_unreviewed)";"éditorial « Not allowed » — No pets in the cabin — only accredited service dogs.";"https://www.airnewzealand.com";"À LIRE (Codex)";"non";"À LIRE (Codex)";"non — aucun tarif n'atteint le Finder aujourd'hui";"ancienne information présente, non raccordée (piste)";"B";"lire la page officielle actuelle (Codex) : citation, locator, langue, date → import"
"airline_air_new_zealand";"Air New Zealand";"hold";"confirmation_required (legacy_unreviewed)";"éditorial « Domestic » — Cats, dogs & small caged birds as checked baggage on some NZ domestic flights (pet + carrier ≤ 60 kg) in a climate-controlled, pressurised h";"https://www.airnewzealand.com";"À LIRE (Codex)";"non";"hérité (inventaire, non prouvé) : fareList : Hold — NZ domestic: NZ$120 (flat)";"non — aucun tarif n'atteint le Finder aujourd'hui";"ancienne information présente, non raccordée (piste)";"B";"lire la page officielle actuelle (Codex) : citation, locator, langue, date → import"
"airline_air_new_zealand";"Air New Zealand";"cargo";"confirmation_required (legacy_unreviewed)";"éditorial « Via transporter » — Solo pets, international, over 60 kg or oversize via an approved pet transporter (ANZ doesn't take direct public bookings).";"https://www.airnewzealand.com";"À LIRE (Codex)";"non";"hérité (inventaire, non prouvé) : fareList : Cargo — international / solo: Via transporter";"non — aucun tarif n'atteint le Finder aujourd'hui";"ancienne information présente, non raccordée (piste)";"C";"lire la page officielle actuelle (Codex) : citation, locator, langue, date → import"
"airline_air_serbia";"Air Serbia";"cabin";"confirmation_required (legacy_unreviewed)";"éditorial « Allowed » — 8 kg (carrier + animal), soft carrier up to 40 × 30 × 24 cm (sum of dimensions 94 cm), net cover for ventilation, kept at your feet for the ";"https://www.airserbia.com";"À LIRE (Codex)";"non";"À LIRE (Codex)";"non — aucun tarif n'atteint le Finder aujourd'hui";"ancienne information présente, non raccordée (piste)";"C";"lire la page officielle actuelle (Codex) : citation, locator, langue, date → import"
"airline_air_serbia";"Air Serbia";"hold";"confirmation_required (legacy_unreviewed)";"éditorial « Not published » — Air Serbia publishes no weight limits, crate-size bands or dedicated fee for hold travel. The only related text is a legal boilerplate line ";"https://www.airserbia.com";"À LIRE (Codex)";"non";"À LIRE (Codex)";"non — aucun tarif n'atteint le Finder aujourd'hui";"ancienne information présente, non raccordée (piste)";"B";"lire la page officielle actuelle (Codex) : citation, locator, langue, date → import"
"airline_air_serbia";"Air Serbia";"cargo";"confirmation_required (legacy_unreviewed)";"éditorial « Not published » — The tariff document references a ""Rule 75 — Acceptance of animals"" section, but its full text isn't accessible on the public site, and no st";"https://www.airserbia.com";"À LIRE (Codex)";"non";"À LIRE (Codex)";"non — aucun tarif n'atteint le Finder aujourd'hui";"ancienne information présente, non raccordée (piste)";"C";"lire la page officielle actuelle (Codex) : citation, locator, langue, date → import"
"airline_air_tahiti_nui";"Air Tahiti Nui";"cabin";"accepted_with_conditions";"éditorial « Allowed » — Vaccinated cats & dogs ≤ 8 kg incl. carrier under the seat (max 40 × 35 × 20 cm), on 4 routes (LA–Paris, Paris–LA, Papeete–LA, Papeete–Paris";"https://pf.airtahitinui.com/voyager-avec-un-animal";"« Air Tahiti Nui accepte le transport en cabine des chiens et chats vaccinés accompagnés de leur propriétaire et uniquement sur les vols suivants : » (Animaux domestiques en cabine, fr, lu le 2026-09-09)";"oui";"hérité (inventaire, non prouvé) : fareList : Cabin — LA → Paris: $150 | fareList : Cabin — Paris → LA: €150 | fareList : Cabin — Papeete → LA / Paris: XPF 14,000 / 24,000";"non — aucun tarif n'atteint le Finder aujourd'hui";"décision du Finder déjà correcte (citée)";"A";"tarif hérité présent, masqué : contre-vérifier sur la page officielle (Codex), puis raccorder"
"airline_air_tahiti_nui";"Air Tahiti Nui";"hold";"aucune politique";"—";"https://www.gov.uk/government/publications/pet-travel-approved-air-sea-and-rail-carriers-and-routes/approved-air-routes-for-pet-travel";"À LIRE (Codex)";"non";"hérité (inventaire, non prouvé) : fareList : Cargo (hold): Quote";"non — aucun tarif n'atteint le Finder aujourd'hui";"aucune ancienne information";"B";"chercher une page officielle actuelle (Codex) ; sinon inconnue nommée"
"airline_air_tahiti_nui";"Air Tahiti Nui";"cargo";"accepted_with_conditions";"éditorial « Via cargo » — Pets that can't fly in the cabin travel in the pressurised hold via Cargo (min 6 months, microchipped, travel cage), between PPT/CDG/AKL/LAX";"https://pf.airtahitinui.com/transport-danimaux-en-soute";"« Si, en revanche, votre animal ne peut pas être transporté en cabine, il peut certainement être transporté par fret, dans la soute de l’appareil. » (Vous souhaitez faire voyager votre animal de compagnie ?, fr, lu le 2026-09-09)";"oui";"hérité (inventaire, non prouvé) : fareList : Cargo (hold): Quote";"non — aucun tarif n'atteint le Finder aujourd'hui";"décision du Finder déjà correcte (citée)";"A";"tarif hérité présent, masqué : contre-vérifier sur la page officielle (Codex), puis raccorder"
"airline_air_transat";"Air Transat";"cabin";"accepted_with_conditions";"éditorial « Allowed » — Cats & dogs only ≤ 8 kg (carrier + pet) in a soft carrier under the seat (max 43 × 24 × 25 cm). Reserve ≥ 24 h ahead. | plafond hérité 8 kg (chien + contenant)";"https://www.airtransat.com/en-GB/travel-information/special-services/pets-and-service-dogs";"« The total weight of the carrier and animal must not exceed 8 kilos. » (Pets in cabin → Restrictions, en, lu le 2026-09-08)";"oui";"hérité (inventaire, non prouvé) : fareList : Cabin — within Canada/US: $50 CAD | fareList : Cabin — Europe/Africa/South: $100 CAD";"non — aucun tarif n'atteint le Finder aujourd'hui";"décision du Finder déjà correcte (citée)";"A";"tarif hérité présent, masqué : contre-vérifier sur la page officielle (Codex), puis raccorder"
"airline_air_transat";"Air Transat";"hold";"accepted_with_conditions";"éditorial « Allowed » — Cats & dogs (≤ 45 kg incl. carrier) as checked baggage; one per cage, min 12 weeks. Cable-tied free. Payment doesn't guarantee acceptance.";"https://www.airtransat.com/en-GB/travel-information/special-services/pets-and-service-dogs";"« Only cats and dogs are allowed in the checked baggage hold. » (Pets in the checked baggage hold → Restrictions, en, lu le 2026-09-08)";"oui";"hérité (inventaire, non prouvé) : fareList : Hold — within Canada: $100 CAD | fareList : Hold — US / Europe & South: $150–275 CAD";"non — aucun tarif n'atteint le Finder aujourd'hui";"décision du Finder déjà correcte (citée)";"A";"tarif hérité présent, masqué : contre-vérifier sur la page officielle (Codex), puis raccorder"
"airline_air_transat";"Air Transat";"cargo";"confirmation_required (legacy_unreviewed)";"éditorial « Via cargo » — Cats & dogs to/from the UK and the Republic of Ireland go by cargo, with advance arrangements and extra fees — except that cabin and hold st";"https://www.airtransat.com";"À LIRE (Codex)";"non";"À LIRE (Codex)";"non — aucun tarif n'atteint le Finder aujourd'hui";"ancienne information présente, non raccordée (piste)";"C";"lire la page officielle actuelle (Codex) : citation, locator, langue, date → import"
"airline_airbaltic";"airBaltic";"cabin";"confirmation_required (legacy_unreviewed)";"éditorial « Allowed » — 8 kg (pet + carrier), closed waterproof and breathable carrier up to 55 × 40 × 23 cm, stowed under the seat in front of you. One carrier per";"https://www.airbaltic.com";"À LIRE (Codex)";"non";"hérité (inventaire, non prouvé) : fareList : Cabin: €70";"non — aucun tarif n'atteint le Finder aujourd'hui";"ancienne information présente, non raccordée (piste)";"C";"lire la page officielle actuelle (Codex) : citation, locator, langue, date → import"
"airline_airbaltic";"airBaltic";"hold";"confirmation_required (legacy_unreviewed)";"éditorial « Allowed » — Up to 75 kg (pet + crate) — except Amsterdam flights, capped at 39 kg. Hard plastic or wood crate up to 84 × 142 × 84 cm, no wheels, at leas";"https://www.airbaltic.com";"À LIRE (Codex)";"non";"hérité (inventaire, non prouvé) : fareList : Hold — 1–32 kg: €130 | fareList : Hold — 33–75 kg: €220";"non — aucun tarif n'atteint le Finder aujourd'hui";"ancienne information présente, non raccordée (piste)";"C";"lire la page officielle actuelle (Codex) : citation, locator, langue, date → import"
"airline_airbaltic";"airBaltic";"cargo";"confirmation_required (legacy_unreviewed)";"éditorial « Via agents, no published rate » — For animals over 75 kg or shipped without their owner. airBaltic is an EU-authorised animal carrier, but pricing and crate specifics are han";"https://www.airbaltic.com";"À LIRE (Codex)";"non";"À LIRE (Codex)";"non — aucun tarif n'atteint le Finder aujourd'hui";"ancienne information présente, non raccordée (piste)";"C";"lire la page officielle actuelle (Codex) : citation, locator, langue, date → import"
"airline_aircalin";"Aircalin";"cabin";"denied";"éditorial « Not allowed » — No pet in the cabin, whatever its size. Only guide dogs for the visually or hearing impaired can be admitted, and only with prior authorisat";"https://www.aircalin.com/fr/animaux";"« Le transport des animaux s’effectue en fret uniquement. » (Transport d'animaux, fr, lu le 2026-09-09)";"oui";"hérité (inventaire, non prouvé) : fareList : Cabin: Not available";"non — aucun tarif n'atteint le Finder aujourd'hui";"décision du Finder déjà correcte (citée)";"A";"tarif hérité présent, masqué : contre-vérifier sur la page officielle (Codex), puis raccorder"
"airline_aircalin";"Aircalin";"hold";"denied";"éditorial « Not allowed » — Aircalin doesn't take pets as checked baggage either. There is no accompanied-hold option at all — no weight bracket, no crate size, nothing";"https://www.aircalin.com/fr/animaux";"« Le transport des animaux s’effectue en fret uniquement. » (Transport d'animaux, fr, lu le 2026-09-09)";"oui";"hérité (inventaire, non prouvé) : fareList : Hold: Not available";"non — aucun tarif n'atteint le Finder aujourd'hui";"décision du Finder déjà correcte (citée)";"A";"tarif hérité présent, masqué : contre-vérifier sur la page officielle (Codex), puis raccorder"
"airline_aircalin";"Aircalin";"cargo";"accepted_with_conditions";"éditorial « Only route » — The file is opened with the Tontouta cargo office three months before departure, with a SIVAP certificate, and the animal is dropped off 4 h";"https://www.aircalin.com/fr/animaux";"« Le transport des animaux s’effectue en fret uniquement. » (Transport d'animaux, fr, lu le 2026-09-09)";"oui";"hérité (inventaire, non prouvé) : fareList : Cargo (airfreight): Quote — no published rate";"non — aucun tarif n'atteint le Finder aujourd'hui";"décision du Finder déjà correcte (citée)";"A";"tarif hérité présent, masqué : contre-vérifier sur la page officielle (Codex), puis raccorder"
"airline_alaska";"Alaska Airlines";"cabin";"accepted_with_conditions";"éditorial « Allowed » — Small dogs, cats, rabbits & birds in a soft carrier under the seat (max 17 × 11 × 9.5 in). First-come, first-served. | conditions héritées : The pet must be small enough to fit and stay comfortably in a carrier under the seat (soft-sided carrier up to 17 × 11 ×";"https://www.alaskaair.com/content/travel-info/pets";"« Pets that fit in an under-seat carrier can travel in a cabin. » (Traveling With Pets → Pets in cabin, en, lu le 2026-09-09)";"oui";"hérité (inventaire, non prouvé) : fareList : Cabin: $100 each way ($35 within Hawaii)";"non — aucun tarif n'atteint le Finder aujourd'hui";"décision du Finder déjà correcte (citée)";"A";"tarif hérité présent, masqué : contre-vérifier sur la page officielle (Codex), puis raccorder"
"airline_alaska";"Alaska Airlines";"hold";"accepted_with_conditions";"éditorial « Allowed » — Larger pets in the climate-controlled baggage hold on your flight — no published weight limit for checked pets. Health certificate required. | brachycéphales refusés (hérité)";"https://www.alaskaair.com/content/travel-info/pets";"« Pets can travel in our climate-controlled baggage compartment. » (Traveling With Pets → Pets in baggage compartment, en, lu le 2026-09-09)";"oui";"hérité (inventaire, non prouvé) : fareList : Hold (checked): $150 each way ($100 within Alaska)";"non — aucun tarif n'atteint le Finder aujourd'hui";"décision du Finder déjà correcte (citée)";"A";"tarif hérité présent, masqué : contre-vérifier sur la page officielle (Codex), puis raccorder"
"airline_alaska";"Alaska Airlines";"cargo";"accepted_with_conditions";"éditorial « On request » — Unaccompanied pets travel via Alaska Air Cargo Pet Connect, which applies its own acceptance rules and weight thresholds.";"https://www.alaskaair.com/content/travel-info/pets";"« Our Pet Connect@ animal travel program is available via Alaska and Hawaiian Air Cargo for pets traveling without an accompanying passenger. » (Traveling With Pets → Pets in baggage compartment, en, lu le 2026-09-09)";"oui";"hérité (inventaire, non prouvé) : fareList : Pet Connect cargo: Quote";"non — aucun tarif n'atteint le Finder aujourd'hui";"décision du Finder déjà correcte (citée)";"A";"tarif hérité présent, masqué : contre-vérifier sur la page officielle (Codex), puis raccorder"
"airline_american";"American Airlines";"cabin";"accepted_with_conditions";"éditorial « Allowed » — One small dog or cat under the seat. Combined 20 lb / 9 kg limit on the A321T. | conditions héritées : Cats and dogs; carrier under the seat; flights up to 12 h; sedated pets are not accepted.";"https://www.aa.com/web/i18n/travel-info/special-assistance/pets.html";"« On flights with American you can bring one pet carrier as a carry-on if: You pay the carry-on pet fee; Your pet stays in the pet carrier and under the seat in front of you the entire flight. » (Traveling with pets → Carry-on pets, en, lu le 2026-09-09)";"oui";"hérité (inventaire, non prouvé) : fee hérité : $150 per carrier | fareList : Cabin (small pet): $150 each way";"non — aucun tarif n'atteint le Finder aujourd'hui";"décision du Finder déjà correcte (citée)";"A";"tarif hérité présent, masqué : contre-vérifier sur la page officielle (Codex), puis raccorder"
"airline_american";"American Airlines";"hold";"confirmation_required (official_source_unquoted)";"éditorial « Military only » — Checked pets only for eligible active-duty U.S. military & State Dept personnel. | conditions héritées : Checked pets only for active-duty U.S. military/State Department; brachycephalic breeds barred; pet plus kennel max 45 k";"https://www.aa.com/i18n/travel-info/special-assistance/pets.jsp";"À LIRE (Codex)";"non";"hérité (inventaire, non prouvé) : fareList : Hold — U.S. military / State Dept: $150 – 200 each way";"non — aucun tarif n'atteint le Finder aujourd'hui";"ancienne information présente, non raccordée (piste)";"B";"lire la page officielle actuelle (Codex) : citation, locator, langue, date → import"
"airline_american";"American Airlines";"cargo";"accepted_with_conditions";"éditorial « Open to all » — Large pets ship via American PetEmbark (AA Cargo), open to the general public. | conditions héritées : Via American PetEmbark (AA Cargo) for pets that do not qualify as carry-on.";"https://www.aa.com/web/i18n/travel-info/special-assistance/pets.html";"« American Airlines Cargo offers the American PetEmbark® service for pets that don’t qualify to travel as carry-on or checked pets. » (Traveling with pets → American PetEmbark®, en, lu le 2026-09-09)";"oui";"hérité (inventaire, non prouvé) : fareList : PetEmbark cargo: On request + $150 handling";"non — aucun tarif n'atteint le Finder aujourd'hui";"décision du Finder déjà correcte (citée)";"A";"tarif hérité présent, masqué : contre-vérifier sur la page officielle (Codex), puis raccorder"
"airline_ana";"ANA (All Nippon Airways)";"cabin";"denied";"éditorial « Not allowed » — Pets can't enter the cabin — only assistance dogs. Cats & dogs travel in the hold.";"https://www.ana.co.jp/en/jp/guide/reservation/support/international/pets/";"« The symbol ""〇"" indicates ""allowed"" and the symbol ""×"" indicates ""not allowed"". Class | Allowed to Be Checked In | Allowed to Be Carried on Board | Remarks. Mammals | ○ | × | - » (For passengers traveling with pets (International Flights) → Pets which can be checked in, en, lu le 2026-09-08)";"oui";"À LIRE (Codex)";"non — aucun tarif n'atteint le Finder aujourd'hui";"décision du Finder déjà correcte (citée)";"A";"relire la page pour un tarif officiel (Codex)"
"airline_ana";"ANA (All Nippon Airways)";"hold";"accepted_with_conditions";"éditorial « Allowed » — Pets as checked baggage (pet + cage ≤ 45 kg) on your ANA flight; min 4 months, not sedated. Not into UK/Hong Kong/Australia. | brachycéphales refusés (hérité)";"https://www.ana.co.jp/en/jp/guide/reservation/support/international/pets/";"« Your pet will be carried in the cargo section, which is located underneath the passenger cabin. » (For passengers traveling with pets (International Flights) → Reservation and Fee, en, lu le 2026-09-08)";"oui";"hérité (inventaire, non prouvé) : fareList : Hold — Japan domestic: ¥4,000–6,000 / cage | fareList : Hold — international (1 area): ¥25,000 / $250 | fareList : Hold — international (2 areas): ¥40,000 / $400";"non — aucun tarif n'atteint le Finder aujourd'hui";"décision du Finder déjà correcte (citée)";"A";"tarif hérité présent, masqué : contre-vérifier sur la page officielle (Codex), puis raccorder"
"airline_ana";"ANA (All Nippon Airways)";"cargo";"confirmation_required (legacy_unreviewed)";"éditorial « Via agent » — Required for pets entering the UK, Hong Kong or Australia; via a cargo agent.";"https://www.ana.co.jp";"À LIRE (Codex)";"non";"À LIRE (Codex)";"non — aucun tarif n'atteint le Finder aujourd'hui";"ancienne information présente, non raccordée (piste)";"C";"lire la page officielle actuelle (Codex) : citation, locator, langue, date → import"
"airline_asiana";"Asiana Airlines";"cabin";"accepted_with_conditions";"éditorial « Allowed » — One cat or dog, 7 kg carrier included, max 45 × 32 × 21 cm under the seat. A soft fabric bag may measure 26 cm high provided it compresses t | plafond hérité 7 kg (chien + contenant)";"https://m.flyasiana.com/C/TW/EN/contents/traveling-with-pets";"« The combined weight of the pet and its cage must not exceed 7kg » (Traveling with Pets → Eligible Pets for the Cabin, en, lu le 2026-09-09)";"oui";"À LIRE (Codex)";"non — aucun tarif n'atteint le Finder aujourd'hui";"décision du Finder déjà correcte (citée)";"A";"relire la page pour un tarif officiel (Codex)"
"airline_asiana";"Asiana Airlines";"hold";"accepted_with_conditions";"éditorial « Allowed » — Up to 45 kg crate included, three dimensions adding up to 285 cm or less and height 84 cm or less. Two animals in the hold per adult passeng | brachycéphales refusés (hérité)";"https://m.flyasiana.com/C/TW/EN/contents/traveling-with-pets";"« Each adult passenger may bring 1 pet into the cabin and 2 pets as checked baggage. » (Traveling with Pets → Eligible Pets for Transport, en, lu le 2026-09-09)";"oui";"À LIRE (Codex)";"non — aucun tarif n'atteint le Finder aujourd'hui";"décision du Finder déjà correcte (citée)";"A";"relire la page pour un tarif officiel (Codex)"
"airline_asiana";"Asiana Airlines";"cargo";"confirmation_required (legacy_unreviewed)";"—";"https://asianacargo.com/contents/lifeAnimalsAviGuide.do?lang=en";"À LIRE (Codex)";"non";"À LIRE (Codex)";"non — aucun tarif n'atteint le Finder aujourd'hui";"aucune ancienne information";"B";"chercher une page officielle actuelle (Codex) ; sinon inconnue nommée"
"airline_austrian";"Austrian Airlines";"cabin";"accepted_with_conditions";"éditorial « Allowed » — Dogs & cats (min 12 weeks) ≤ 8 kg incl. carrier in a soft carrier under the seat (max 55 × 40 × 23 cm); up to 2 per container. Bookable onli | plafond hérité 8 kg (chien + contenant)";"https://www.austrian.com/us/en/plan/special-requirements/travelling-with-animals";"« The total weight of the animal and the carrying container must not exceed 8 kg. » (Travelling with animals → Small pets in the cabin, en, lu le 2026-09-09)";"oui";"hérité (inventaire, non prouvé) : fareList : Cabin (domestic → long-haul): €65–125";"non — aucun tarif n'atteint le Finder aujourd'hui";"décision du Finder déjà correcte (citée)";"A";"tarif hérité présent, masqué : contre-vérifier sur la page officielle (Codex), puis raccorder"
"airline_austrian";"Austrian Airlines";"hold";"accepted_with_conditions";"éditorial « Allowed » — Cats & dogs in a travel crate; up to 2 accustomed pets (≤ 14 kg each) per container. Stricter ventilation rules from May 2026. | brachycéphales refusés (hérité)";"https://www.austrian.com/us/en/plan/special-requirements/travelling-with-animals";"« If there is no space in the passenger cabin, cats and dogs may be carried in the cargo hold if required, subject to compliance with the applicable conditions of carriage. » (Travelling with animals → Large animals in the cargo hold, en, lu le 2026-09-09)";"oui";"hérité (inventaire, non prouvé) : fareList : Hold — small crate: €80–190 | fareList : Hold — large crate: €160–380";"non — aucun tarif n'atteint le Finder aujourd'hui";"décision du Finder déjà correcte (citée)";"A";"tarif hérité présent, masqué : contre-vérifier sur la page officielle (Codex), puis raccorder"
"airline_austrian";"Austrian Airlines";"cargo";"confirmation_required (legacy_unreviewed)";"éditorial « Via cargo » — Unaccompanied or oversize animals via Lufthansa Cargo — also for the UK and South Africa (freight only).";"https://www.austrian.com";"À LIRE (Codex)";"non";"À LIRE (Codex)";"non — aucun tarif n'atteint le Finder aujourd'hui";"ancienne information présente, non raccordée (piste)";"C";"lire la page officielle actuelle (Codex) : citation, locator, langue, date → import"
"airline_avianca";"Avianca";"cabin";"accepted_with_conditions";"éditorial « Allowed » — One dog or cat ≤ 10 kg incl. carrier in a soft carrier under the seat; not in B787 Business. | plafond hérité 10 kg (chien + contenant)";"https://ayuda.avianca.com/hc/en-us/articles/13091527349787-Can-I-fly-with-my-pet";"« Dogs and cats weighing no more than 10 kg (22 lb), including the weight of their container, may fly in the cabin. » (Can I fly with my pet? → Pets up to 22 lb including the container, en, lu le 2026-09-08)";"oui";"hérité (inventaire, non prouvé) : fareList : Cabin (regional → Europe): $45–235";"non — aucun tarif n'atteint le Finder aujourd'hui";"décision du Finder déjà correcte (citée)";"A";"tarif hérité présent, masqué : contre-vérifier sur la page officielle (Codex), puis raccorder"
"airline_avianca";"Avianca";"hold";"accepted_with_conditions";"éditorial « Allowed » — Dog or cat up to 70 kg incl. container in a rigid, ventilated crate you provide. Ventilated-hold aircraft only. | plafond hérité 70 kg (chien + contenant) | brachycéphales refusés (hérité)";"https://ayuda.avianca.com/hc/en-us/articles/13091527349787-Can-I-fly-with-my-pet";"« Pets weighing no more than 70 kg (154 lb), including the container's weight, may fly in the hold. » (Can I fly with my pet? → Pets up to 70 kg including the container, en, lu le 2026-09-08)";"oui";"hérité (inventaire, non prouvé) : fareList : Hold (regional → Europe): $70–345";"non — aucun tarif n'atteint le Finder aujourd'hui";"décision du Finder déjà correcte (citée)";"A";"tarif hérité présent, masqué : contre-vérifier sur la page officielle (Codex), puis raccorder"
"airline_avianca";"Avianca";"cargo";"confirmation_required (legacy_unreviewed)";"éditorial « On request » — Pets over 70 kg incl. container and all UK shipments, via Avianca Cargo live-animal service.";"https://www.avianca.com";"À LIRE (Codex)";"non";"hérité (inventaire, non prouvé) : fareList : Avianca Cargo: Quote";"non — aucun tarif n'atteint le Finder aujourd'hui";"ancienne information présente, non raccordée (piste)";"C";"lire la page officielle actuelle (Codex) : citation, locator, langue, date → import"
"airline_bangkok_airways";"Bangkok Airways";"cabin";"confirmation_required (legacy_unreviewed)";"éditorial « Not offered » — Bangkok Airways has no cabin option for pets, whatever their size. Only assistance dogs travel in the cabin, and only on Airbus flights.";"https://www.bangkokair.com";"À LIRE (Codex)";"non";"hérité (inventaire, non prouvé) : fareList : Cabin (pets): Not offered";"non — aucun tarif n'atteint le Finder aujourd'hui";"ancienne information présente, non raccordée (piste)";"C";"lire la page officielle actuelle (Codex) : citation, locator, langue, date → import"
"airline_bangkok_airways";"Bangkok Airways";"hold";"confirmation_required (legacy_unreviewed)";"éditorial « Allowed » — Dogs and cats in a rigid crate, booked 24 h ahead. Two animals on the ATR 72 (80 × 45 × 65 cm, 20 kg total), two on the A319 and three on th | brachycéphales refusés (hérité)";"https://www.bangkokair.com";"À LIRE (Codex)";"non";"hérité (inventaire, non prouvé) : fareList : Hold — domestic: 180 THB per kg, per segment | fareList : Hold — international: Zonal fare: grid not published";"non — aucun tarif n'atteint le Finder aujourd'hui";"ancienne information présente, non raccordée (piste)";"B";"lire la page officielle actuelle (Codex) : citation, locator, langue, date → import"
"airline_bangkok_airways";"Bangkok Airways";"cargo";"accepted_with_conditions";"éditorial « Not published » — The pet page mentions cargo only to say that flat-faced breeds are barred from it too. No conditions, crate rules or prices are published fo | conditions héritées : Live dogs and cats as special cargo (AVI) on Airbus and ATR72, domestic routes only, except Bangkok–Krabi and Chiang Mai";"https://www.bangkokair.com/cargo-service/pet_carriage";"« Special cargo service as Live animals dog, cat (AVI) is available on Airbus and ATR72 on the following routes: » (Cargo Service → Pet Carriage Service → Domestic Routes / International Routes, en, lu le 2026-09-09)";"oui";"À LIRE (Codex)";"non — aucun tarif n'atteint le Finder aujourd'hui";"décision du Finder déjà correcte (citée)";"A";"relire la page pour un tarif officiel (Codex)"
"airline_batik_air_indonesia";"Batik Air Indonesia";"cabin";"denied";"éditorial « Not accepted » — ""Batik Air Indonesia flights are not allowed to bring pets"" — the airline's own words, with no cabin/hold/cargo distinction: it's a blanket ";"https://help.batikair.com/article/bring-live-animalpet/753";"« Batik Air Indonesia flights are not allowed to bring pets. » (Bring Live Animal/Pet, en, lu le 2026-09-09)";"oui";"À LIRE (Codex)";"non — aucun tarif n'atteint le Finder aujourd'hui";"décision du Finder déjà correcte (citée)";"A";"relire la page pour un tarif officiel (Codex)"
"airline_batik_air_indonesia";"Batik Air Indonesia";"hold";"denied";"éditorial « Not accepted » — Same blanket statement applies — no separate hold provision exists. The general cabin-baggage rules page, which covers strollers and musical";"https://help.batikair.com/article/bring-live-animalpet/753";"« not allowed to bring pets » (Bring Live Animal/Pet, en, lu le 2026-09-09)";"oui";"À LIRE (Codex)";"non — aucun tarif n'atteint le Finder aujourd'hui";"décision du Finder déjà correcte (citée)";"A";"relire la page pour un tarif officiel (Codex)"
"airline_batik_air_indonesia";"Batik Air Indonesia";"cargo";"confirmation_required (legacy_unreviewed)";"éditorial « Not published » — No cargo/unaccompanied-pet page or mention exists anywhere on the official site.";"https://www.batikair.com";"À LIRE (Codex)";"non";"À LIRE (Codex)";"non — aucun tarif n'atteint le Finder aujourd'hui";"ancienne information présente, non raccordée (piste)";"C";"lire la page officielle actuelle (Codex) : citation, locator, langue, date → import"
"airline_batik_air_malaysia";"Batik Air Malaysia";"cabin";"confirmation_required (legacy_unreviewed)";"éditorial « Not published » — No mention of pets exists in the cabin-baggage rules, which otherwise detail sports equipment, musical instruments, strollers and even Zamza";"https://www.batikair.com.my";"À LIRE (Codex)";"non";"À LIRE (Codex)";"non — aucun tarif n'atteint le Finder aujourd'hui";"ancienne information présente, non raccordée (piste)";"C";"lire la page officielle actuelle (Codex) : citation, locator, langue, date → import"
"airline_batik_air_malaysia";"Batik Air Malaysia";"hold";"confirmation_required (legacy_unreviewed)";"éditorial « Implied, never described » — The Terms & Conditions disclaim liability for ""live animals if carried as baggage"" — twice, word for word — implying a hold option exists, w";"https://www.batikair.com.my";"À LIRE (Codex)";"non";"À LIRE (Codex)";"non — aucun tarif n'atteint le Finder aujourd'hui";"ancienne information présente, non raccordée (piste)";"B";"lire la page officielle actuelle (Codex) : citation, locator, langue, date → import"
"airline_batik_air_malaysia";"Batik Air Malaysia";"cargo";"confirmation_required (legacy_unreviewed)";"éditorial « Not published » — No live-animal cargo page or booking portal exists — the only cargo content found on the site is a general freight fuel-surcharge notice unr";"https://www.batikair.com.my";"À LIRE (Codex)";"non";"À LIRE (Codex)";"non — aucun tarif n'atteint le Finder aujourd'hui";"ancienne information présente, non raccordée (piste)";"C";"lire la page officielle actuelle (Codex) : citation, locator, langue, date → import"
"airline_british_airways";"British Airways";"cabin";"denied";"éditorial « Not allowed » — No pets in the cabin — only recognised assistance dogs. | conditions héritées : Pets are not accepted in the cabin on any route; only assistance dogs travel in the cabin, free of charge.";"https://www.britishairways.com/content/information/travel-assistance/travelling-with-pets";"« We don’t carry pets in the cabin on any route. » (Travelling with pets → Travelling to and from the UK, en, lu le 2026-09-05)";"oui";"hérité (inventaire, non prouvé) : fareList : Cabin / hold: Not carried | fareList : Assistance dog (cabin): Free";"non — aucun tarif n'atteint le Finder aujourd'hui";"décision du Finder déjà correcte (citée)";"A";"tarif hérité présent, masqué : contre-vérifier sur la page officielle (Codex), puis raccorder"
"airline_british_airways";"British Airways";"hold";"confirmation_required (official_source_unquoted)";"éditorial « Not allowed » — Pets don't travel as passenger checked baggage. | conditions héritées : Pets travel in the hold but not as passenger checked baggage — arrangements are made via IAG Cargo (to the UK) or PetAir";"https://www.britishairways.com/en-gb/information/travel-assistance/travelling-with-pets";"À LIRE (Codex)";"non";"hérité (inventaire, non prouvé) : fareList : Cabin / hold: Not carried";"non — aucun tarif n'atteint le Finder aujourd'hui";"ancienne information présente, non raccordée (piste)";"B";"lire la page officielle actuelle (Codex) : citation, locator, langue, date → import"
"airline_british_airways";"British Airways";"cargo";"confirmation_required (official_source_unquoted)";"éditorial « Via agent » — All pets travel via IAG Cargo in a temperature-controlled hold. From the UK, booked through PetAir UK; into the UK, via IAG Cargo agents. | conditions héritées : Managed by IAG Cargo, BA's sister company, for pets travelling to the UK.";"https://www.britishairways.com/en-gb/information/travel-assistance/travelling-with-pets";"À LIRE (Codex)";"non";"hérité (inventaire, non prouvé) : fareList : IAG Cargo (live animal): Quote via agent";"non — aucun tarif n'atteint le Finder aujourd'hui";"ancienne information présente, non raccordée (piste)";"B";"lire la page officielle actuelle (Codex) : citation, locator, langue, date → import"
"airline_brussels";"Brussels Airlines";"cabin";"accepted_with_conditions";"éditorial « Allowed » — Cats & small dogs (min 15 weeks) ≤ 8 kg incl. carrier under the seat (max 55 × 40 × 23 cm); window seat, max 4/aircraft. Signed cabin form. | plafond hérité 8 kg (chien + contenant)";"https://www.brusselsairlines.com/be/en/special-care/pets/cats-and-small-dogs-in-the-cabin";"« The total weight of the transport container, including the animal, must not exceed 8 kg. » (Cats and small dogs in the cabin → Which conditions apply for a transport in the cabin?, en, lu le 2026-09-09)";"oui";"hérité (inventaire, non prouvé) : fareList : Cabin (Europe → US): €65–115";"non — aucun tarif n'atteint le Finder aujourd'hui";"décision du Finder déjà correcte (citée)";"A";"tarif hérité présent, masqué : contre-vérifier sur la page officielle (Codex), puis raccorder"
"airline_brussels";"Brussels Airlines";"hold";"accepted_with_conditions";"éditorial « Allowed » — Cats & dogs in a travel crate (container ≤ 125 × 75 × 85 cm) in a ventilated hold; up to 2 pets ≤ 14 kg each. Stricter ventilation from May  | brachycéphales refusés (hérité)";"https://www.brusselsairlines.com/rw/en/special-care/pets/cats-and-dogs-in-the-hold";"« Your cat or dog will be well taken care of and will travel in a ventilated part of the aircraft hold. » (Cats and dogs in the hold → How will my pet travel?, en, lu le 2026-09-09)";"oui";"hérité (inventaire, non prouvé) : fareList : Hold (Europe → US West Coast): €100–380";"non — aucun tarif n'atteint le Finder aujourd'hui";"décision du Finder déjà correcte (citée)";"A";"tarif hérité présent, masqué : contre-vérifier sur la page officielle (Codex), puis raccorder"
"airline_brussels";"Brussels Airlines";"cargo";"confirmation_required (legacy_unreviewed)";"éditorial « Via cargo » — Other species, oversize containers, and all pets to/from the UK, via a pet-shipping agent.";"https://www.brusselsairlines.com/";"À LIRE (Codex)";"non";"À LIRE (Codex)";"non — aucun tarif n'atteint le Finder aujourd'hui";"ancienne information présente, non raccordée (piste)";"C";"lire la page officielle actuelle (Codex) : citation, locator, langue, date → import"
"airline_cathay_pacific";"Cathay Pacific";"cabin";"denied";"éditorial « Not allowed » — No pets in the cabin — only accredited assistance dogs.";"https://www.cathaypacific.com/cx/en_GB/faqs/baggage/cabin-baggage-allowance/are-pets-allowed-in-the-cabin.html?cxsource=LANGUAGE_SELECTOR_EN_HK";"« Aside from service dogs, pets are not allowed in the cabin. » (Are pets allowed in the cabin?, en, lu le 2026-09-08)";"oui";"hérité (inventaire, non prouvé) : fareList : Cabin / hold: Not carried | fareList : Assistance dog (cabin): See conditions";"non — aucun tarif n'atteint le Finder aujourd'hui";"décision du Finder déjà correcte (citée)";"A";"tarif hérité présent, masqué : contre-vérifier sur la page officielle (Codex), puis raccorder"
"airline_cathay_pacific";"Cathay Pacific";"hold";"confirmation_required (legacy_unreviewed)";"éditorial « Not allowed » — Cathay doesn't carry pets as passenger checked baggage.";"https://www.cathaypacific.com/";"À LIRE (Codex)";"non";"hérité (inventaire, non prouvé) : fareList : Cabin / hold: Not carried";"non — aucun tarif n'atteint le Finder aujourd'hui";"ancienne information présente, non raccordée (piste)";"C";"lire la page officielle actuelle (Codex) : citation, locator, langue, date → import"
"airline_cathay_pacific";"Cathay Pacific";"cargo";"accepted_with_conditions";"éditorial « Via agent » — All pets travel via Cathay Cargo (Cathay Live Animal). Since Sep 2025, bookings only through IPATA or ATA members, IATA Accredited Freight F";"https://www.cathaypacific.com/cx/en_GB/faqs/baggage/cabin-baggage-allowance/are-pets-allowed-in-the-cabin.html?cxsource=LANGUAGE_SELECTOR_EN_HK";"« Your pet will need to travel in cargo. » (Are pets allowed in the cabin?, en, lu le 2026-09-08)";"oui";"hérité (inventaire, non prouvé) : fareList : Cathay Cargo (live animal): Quote via agent";"non — aucun tarif n'atteint le Finder aujourd'hui";"décision du Finder déjà correcte (citée)";"A";"tarif hérité présent, masqué : contre-vérifier sur la page officielle (Codex), puis raccorder"
"airline_china_airlines";"China Airlines";"cabin";"confirmation_required (legacy_unreviewed)";"éditorial « Not allowed » — Pets (incl. emotional-support animals) aren't allowed in the cabin — only trained service dogs.";"https://www.china-airlines.com";"À LIRE (Codex)";"non";"À LIRE (Codex)";"non — aucun tarif n'atteint le Finder aujourd'hui";"ancienne information présente, non raccordée (piste)";"B";"lire la page officielle actuelle (Codex) : citation, locator, langue, date → import"
"airline_china_airlines";"China Airlines";"hold";"accepted_with_conditions";"éditorial « Allowed » — Cats & dogs as checked baggage (AVIH) up to 32 kg incl. container on CI/Mandarin flights; not on B738/32C or Taiwan–Hong Kong. Max 2 per pas";"https://www.china-airlines.com/tw/en/prepare-for-the-fly/information/baggage/pet-transport";"« Pets must be placed in appropriate containers and transported in the cargo hold as checked baggage. » (Pets → Transporting pets as checked baggage (AVIH), en, lu le 2026-09-09)";"oui";"hérité (inventaire, non prouvé) : fareList : Hold (≤ 32 kg): Fixed rate (by weight) | fareList : Hold (> 32 kg): Double the fixed rate";"non — aucun tarif n'atteint le Finder aujourd'hui";"décision du Finder déjà correcte (citée)";"A";"tarif hérité présent, masqué : contre-vérifier sur la page officielle (Codex), puis raccorder"
"airline_china_airlines";"China Airlines";"cargo";"confirmation_required (legacy_unreviewed)";"éditorial « Via cargo » — Some countries (e.g. Hong Kong) require cargo; needs an Air Waybill + Shipper's Certification.";"https://www.china-airlines.com";"À LIRE (Codex)";"non";"hérité (inventaire, non prouvé) : fareList : Cargo (HK / large): Quote";"non — aucun tarif n'atteint le Finder aujourd'hui";"ancienne information présente, non raccordée (piste)";"C";"lire la page officielle actuelle (Codex) : citation, locator, langue, date → import"
"airline_china_eastern";"China Eastern Airlines";"cabin";"denied";"éditorial « Not allowed » — Pets can't enter the cabin — only trained service dogs. They must travel in the cargo hold.";"https://global.ceair.com/global/en_static/Announcement/TravelTips/SpecialPassengerServiceNotice/LittleAnimal/";"« Passengers are not allowed to carry small animals into the passenger cabin: They must be transported in the cargo cabin. » (China Eastern Small Animals → Transport rules, en, lu le 2026-09-09)";"oui";"À LIRE (Codex)";"non — aucun tarif n'atteint le Finder aujourd'hui";"décision du Finder déjà correcte (citée)";"A";"relire la page pour un tarif officiel (Codex)"
"airline_china_eastern";"China Eastern Airlines";"hold";"accepted_with_conditions";"éditorial « Allowed » — Cats & dogs as checked baggage (≤ 32 kg incl. container, ≤ 203 cm) in an oxygen-equipped hold on non-stop MU/Shanghai Airlines flights. Appr";"https://global.ceair.com/global/en_static/Announcement/TravelTips/SpecialPassengerServiceNotice/LittleAnimal/";"« Passengers are not allowed to carry small animals into the passenger cabin: They must be transported in the cargo cabin. » (China Eastern Small Animals → Transport rules, en, lu le 2026-09-09)";"oui";"hérité (inventaire, non prouvé) : fareList : Hold (≤ 32 kg): Excess-baggage rate (by weight)";"non — aucun tarif n'atteint le Finder aujourd'hui";"décision du Finder déjà correcte (citée)";"A";"tarif hérité présent, masqué : contre-vérifier sur la page officielle (Codex), puis raccorder"
"airline_china_eastern";"China Eastern Airlines";"cargo";"confirmation_required (legacy_unreviewed)";"éditorial « Via freight » — Carriers over 203 cm must ship via an independent freight transporter.";"https://www.ceair.com";"À LIRE (Codex)";"non";"hérité (inventaire, non prouvé) : fareList : Cargo (> 203 cm): Quote";"non — aucun tarif n'atteint le Finder aujourd'hui";"ancienne information présente, non raccordée (piste)";"C";"lire la page officielle actuelle (Codex) : citation, locator, langue, date → import"
"airline_china_southern";"China Southern Airlines";"cabin";"denied";"éditorial « Not allowed » — No pets in the cabin — only service dogs. Emotional-support dogs aren't accepted (since 2021).";"https://www.csair.com/hk/en/tourguide/faq/baggage/dongwu.shtml";"« No animal can be brought into the passenger cabin » (Pets → Which animals can be brought into the cabin?, en, lu le 2026-09-09)";"oui";"À LIRE (Codex)";"non — aucun tarif n'atteint le Finder aujourd'hui";"décision du Finder déjà correcte (citée)";"A";"relire la page pour un tarif officiel (Codex)"
"airline_china_southern";"China Southern Airlines";"hold";"accepted_with_conditions";"éditorial « Allowed » — Dogs, cats & birds as checked baggage (≤ 32 kg incl. cage, max 90 × 60 × 66 cm); not on connecting flights. Approve ≥ 24 h (domestic) / 48 h";"https://www.csair.com/sg/en/tourguide/faq/baggage/dongwu.shtml";"« Sorry, a pet can not be taken into cabin. However, you can check it. » (Pets → May I take my pet into cabin?, en, lu le 2026-09-09)";"oui";"hérité (inventaire, non prouvé) : fareList : Hold — international 2–8 kg: $200 / €190 | fareList : Hold — international 8–23 kg: $300 / €280 | fareList : Hold — international 23–32 kg: $500 / €470 | fareList : Hold — domestic (China): ¥398–1398";"non — aucun tarif n'atteint le Finder aujourd'hui";"décision du Finder déjà correcte (citée)";"A";"tarif hérité présent, masqué : contre-vérifier sur la page officielle (Codex), puis raccorder"
"airline_china_southern";"China Southern Airlines";"cargo";"confirmation_required (legacy_unreviewed)";"éditorial « Via cargo » — Some airports (e.g. Hong Kong) only allow pets to travel as cargo.";"https://www.csair.com";"À LIRE (Codex)";"non";"À LIRE (Codex)";"non — aucun tarif n'atteint le Finder aujourd'hui";"ancienne information présente, non raccordée (piste)";"C";"lire la page officielle actuelle (Codex) : citation, locator, langue, date → import"
"airline_condor";"Condor";"cabin";"confirmation_required (legacy_unreviewed)";"éditorial « Allowed » — Cats & dogs ≤ 8 kg incl. carrier in a ventilated travel carrier under the seat (max 55 × 40 × 23 cm). Not in A330neo Business or exit rows.";"https://www.condor.com/";"À LIRE (Codex)";"non";"hérité (inventaire, non prouvé) : fareList : Cabin (by zone): €59.99–99.99";"non — aucun tarif n'atteint le Finder aujourd'hui";"ancienne information présente, non raccordée (piste)";"B";"lire la page officielle actuelle (Codex) : citation, locator, langue, date → import"
"airline_condor";"Condor";"hold";"confirmation_required (legacy_unreviewed)";"éditorial « Allowed » — Cats & dogs in a ventilated travel crate, on Condor nonstop flights only; the breed must be declared.";"https://www.condor.com/";"À LIRE (Codex)";"non";"hérité (inventaire, non prouvé) : fareList : Hold — small crate: €79.99–154.99 | fareList : Hold — large crate: €154.99–254.99";"non — aucun tarif n'atteint le Finder aujourd'hui";"ancienne information présente, non raccordée (piste)";"B";"lire la page officielle actuelle (Codex) : citation, locator, langue, date → import"
"airline_condor";"Condor";"cargo";"confirmation_required (legacy_unreviewed)";"—";"https://www.condor.com/us/flight-preparation/baggage-and-animals/cargo-general-schedule.jsp";"À LIRE (Codex)";"non";"À LIRE (Codex)";"non — aucun tarif n'atteint le Finder aujourd'hui";"aucune ancienne information";"B";"chercher une page officielle actuelle (Codex) ; sinon inconnue nommée"
"airline_copa";"Copa Airlines";"cabin";"accepted_with_conditions";"éditorial « Allowed » — Small dogs & cats ≤ 10 kg incl. carrier in a soft carrier under the seat (max 45.7 × 28 × 28 cm); not in Business. Max 3 per flight. | plafond hérité 10 kg (chien + contenant)";"https://www.copaair.com/assets/ENG-COM-24-001-Update-Service-or-Emotional-Support-Dog-and-Pet-in-Cabin-Transportation-Policy.pdf";"« Copa Airlines only accepts small dogs and cats (maximum 10kg including container) as pets in the cabin. » (COM-24-001 → Policy, en, lu le 2026-09-09)";"oui";"hérité (inventaire, non prouvé) : fareList : Cabin — international: $125 / segment | fareList : Cabin — domestic: $25 / segment";"non — aucun tarif n'atteint le Finder aujourd'hui";"décision du Finder déjà correcte (citée)";"A";"tarif hérité présent, masqué : contre-vérifier sur la page officielle (Codex), puis raccorder"
"airline_copa";"Copa Airlines";"hold";"denied";"éditorial « Not offered » — Copa doesn't carry pets as accompanied checked baggage.";"https://www.copaair.com/assets/contrato-de-transporte-en-dot-oct-2024.pdf";"« shall no longer offer any transportation services for pets as checked baggage » (Contract of Carriage → 5.7.1.1 Transportation of Pets as Checked Baggage, en, lu le 2026-09-09)";"oui";"À LIRE (Codex)";"non — aucun tarif n'atteint le Finder aujourd'hui";"décision du Finder déjà correcte (citée)";"A";"relire la page pour un tarif officiel (Codex)"
"airline_copa";"Copa Airlines";"cargo";"accepted_with_conditions";"éditorial « Via cargo » — Pets that can't fly in the cabin go via the Copa Pets service (Copa Cargo).";"https://www.copaair.com/assets/contrato-de-transporte-en-dot-oct-2024.pdf";"« must be arranged through Copa Cargo » (Contract of Carriage → 5.7.1.1 Transportation of Pets as Checked Baggage, en, lu le 2026-09-09)";"oui";"hérité (inventaire, non prouvé) : fareList : Copa Pets cargo: Quote";"non — aucun tarif n'atteint le Finder aujourd'hui";"décision du Finder déjà correcte (citée)";"A";"tarif hérité présent, masqué : contre-vérifier sur la page officielle (Codex), puis raccorder"
"airline_corsair";"Corsair";"cabin";"accepted_with_conditions";"éditorial « Allowed » — One pet ≤ 8 kg incl. carrier in a soft carrier under the seat; min 2 months, microchipped. Declare 72 h ahead. Not to/from Mauritius.";"https://www.flycorsair.com/fr/legal/conditions-generales-de-vente-et-de-transport";"« Le transport peut s'effectuer en cabine » (Conditions de transport → Transport d'animaux, fr, lu le 2026-09-09)";"oui";"hérité (inventaire, non prouvé) : fareList : Cabin — Paris–Antilles/Réunion/Mayotte: €75 | fareList : Cabin — Paris–Madagascar/Africa: €150";"non — aucun tarif n'atteint le Finder aujourd'hui";"décision du Finder déjà correcte (citée)";"A";"tarif hérité présent, masqué : contre-vérifier sur la page officielle (Codex), puis raccorder"
"airline_corsair";"Corsair";"hold";"accepted_with_conditions";"éditorial « Allowed » — Over 8 kg, up to 50 kg incl. crate, in a rigid travel crate (no wheels/metal). Min 2 months, microchipped. Not Paris–Mauritius. | brachycéphales refusés (hérité)";"https://www.flycorsair.com/fr/legal/conditions-generales-de-vente-et-de-transport";"« Le transport s'effectue en soute » (Conditions de transport → Transport d'animaux, fr, lu le 2026-09-09)";"oui";"hérité (inventaire, non prouvé) : fareList : Hold — Paris–Antilles/Réunion: €150 | fareList : Hold — Paris–Madagascar/Abidjan: €300";"non — aucun tarif n'atteint le Finder aujourd'hui";"décision du Finder déjà correcte (citée)";"A";"tarif hérité présent, masqué : contre-vérifier sur la page officielle (Codex), puis raccorder"
"airline_corsair";"Corsair";"cargo";"accepted_with_conditions";"éditorial « Via cargo » — Over 50 kg total travels via cargo.";"https://www.flycorsair.com/fr/legal/conditions-generales-de-vente-et-de-transport";"« Au-delà de 50 kg, le transport devra s'effectuer par le fret. » (Conditions de transport → Transport d'animaux, fr, lu le 2026-09-09)";"oui";"À LIRE (Codex)";"non — aucun tarif n'atteint le Finder aujourd'hui";"décision du Finder déjà correcte (citée)";"A";"relire la page pour un tarif officiel (Codex)"
"airline_croatia_airlines";"Croatia Airlines";"cabin";"accepted_with_conditions";"éditorial « Allowed » — 8 kg (bag + pet), soft bag with a water-resistant bottom, stowed on the floor under the seat for the whole flight. One bag per passenger, at";"https://www.croatiaairlines.com/resources/documents/handling-agent/OP-ZOU-001-Ground_Operations_Manual_Issue_II_rev.11-24.01.2023.pdf";"« Pets in cabin (PETC), such as: Small domestic animals (dogs and cats only). » (Ground Operations Manual → 4.7.1 Stowing of Load in the Passenger Cabin → page 127, en, lu le 2026-09-09)";"oui";"À LIRE (Codex)";"non — aucun tarif n'atteint le Finder aujourd'hui";"décision du Finder déjà correcte (citée)";"A";"relire la page pour un tarif officiel (Codex)"
"airline_croatia_airlines";"Croatia Airlines";"hold";"accepted_with_conditions";"éditorial « Allowed » — One crate holds up to 3 puppies/kittens from the same litter (≤8 kg each), or 2 adult pets up to 14 kg each. Two crate sizes: 80×55×55 cm an | brachycéphales refusés (hérité)";"https://www.croatiaairlines.com/resources/dokumenti/ou-emd-distribution---services-policy--aaas--for-ouand-ta-oct19.pdf.pdf";"« Charge for PET in hold- LARGE (dogs and cats only, breed must be specified) » (PET IN HOLD (AVIH-LARGE) → Service description and purpose, en, lu le 2026-09-09)";"oui";"À LIRE (Codex)";"non — aucun tarif n'atteint le Finder aujourd'hui";"décision du Finder déjà correcte (citée)";"A";"relire la page pour un tarif officiel (Codex)"
"airline_croatia_airlines";"Croatia Airlines";"cargo";"confirmation_required (legacy_unreviewed)";"éditorial « Contact required, no published terms » — The Croatia Airlines Cargo page mentions animals only in a general list of freight types, alongside fish and flowers, with no dedicated proc";"https://www.croatiaairlines.com";"À LIRE (Codex)";"non";"À LIRE (Codex)";"non — aucun tarif n'atteint le Finder aujourd'hui";"ancienne information présente, non raccordée (piste)";"C";"lire la page officielle actuelle (Codex) : citation, locator, langue, date → import"
"airline_delta";"Delta Air Lines";"cabin";"accepted_with_conditions";"éditorial « Allowed » — Small dogs, cats & household birds in a kennel that fits fully under the seat; not in Delta One/Business/Premium Select. Min 8 weeks (domest | conditions héritées : Soft-sided kennel fully under the seat; at least 8 weeks old; booked by phone.";"https://www.delta.com/us/en/pet-travel/overview";"« On domestic flights within the contiguous U.S., small dogs, cats and household birds that meet the age, health, size and kennel requirements can travel in the cabin. » (Pet Travel on Delta → Traveling with In-Cabin Pets, en, lu le 2026-09-08)";"oui";"hérité (inventaire, non prouvé) : fee hérité : $150 (US/Canada/PR/USVI) or $200 international, for tickets issued on/after 8 Apr 2025 | fareList : Cabin — US / Canada: $95–150 | fareList : Cabin — international: $200";"non — aucun tarif n'atteint le Finder aujourd'hui";"décision du Finder déjà correcte (citée)";"A";"tarif hérité présent, masqué : contre-vérifier sur la page officielle (Codex), puis raccorder"
"airline_delta";"Delta Air Lines";"hold";"confirmation_required (official_source_unquoted)";"éditorial « Military only » — Checked pets only for active US military & State Dept on transfer orders; not on flights over 12 h. | conditions héritées : Checked pets accepted only for active-duty U.S. military and State Department Foreign Service personnel.";"https://www.delta.com/us/en/pet-travel/overview";"À LIRE (Codex)";"non";"hérité (inventaire, non prouvé) : fareList : Hold — US military / State Dept: $200 / way";"non — aucun tarif n'atteint le Finder aujourd'hui";"ancienne information présente, non raccordée (piste)";"B";"lire la page officielle actuelle (Codex) : citation, locator, langue, date → import"
"airline_delta";"Delta Air Lines";"cargo";"confirmation_required (official_source_unquoted)";"éditorial « Military only » — Pet shipping is suspended for the public — military & State Dept only. | conditions héritées : Pet cargo shipping is suspended for the general public — currently only active-duty U.S. military and State Department p";"https://www.delta.com/us/en/pet-travel/overview";"À LIRE (Codex)";"non";"À LIRE (Codex)";"non — aucun tarif n'atteint le Finder aujourd'hui";"ancienne information présente, non raccordée (piste)";"B";"lire la page officielle actuelle (Codex) : citation, locator, langue, date → import"
"airline_easyjet";"easyJet";"cabin";"denied";"éditorial « No pets » — Animals aren't allowed — only recognised registered assistance dogs. Emotional-support dogs and pets are forbidden.";"https://www.easyjet.com/en/help/baggage/restricted-and-unusual-items";"« Animals are not allowed on our flights, apart from recognised registered guide and assistance dogs. » (Pets, en, lu le 2026-09-08)";"oui";"hérité (inventaire, non prouvé) : fareList : Pets (cabin / hold / cargo): Not carried";"non — aucun tarif n'atteint le Finder aujourd'hui";"décision du Finder déjà correcte (citée)";"A";"tarif hérité présent, masqué : contre-vérifier sur la page officielle (Codex), puis raccorder"
"airline_easyjet";"easyJet";"hold";"denied";"éditorial « Not carried » — No pets are carried in the hold.";"https://www.easyjet.com/en/help/baggage/restricted-and-unusual-items";"« Animals are not allowed on our flights, apart from recognised registered guide and assistance dogs. » (Pets, en, lu le 2026-09-08)";"oui";"hérité (inventaire, non prouvé) : fareList : Pets (cabin / hold / cargo): Not carried";"non — aucun tarif n'atteint le Finder aujourd'hui";"décision du Finder déjà correcte (citée)";"A";"tarif hérité présent, masqué : contre-vérifier sur la page officielle (Codex), puis raccorder"
"airline_easyjet";"easyJet";"cargo";"confirmation_required (legacy_unreviewed)";"éditorial « Not offered » — easyJet operates no pet cargo service.";"https://www.easyjet.com";"À LIRE (Codex)";"non";"hérité (inventaire, non prouvé) : fareList : Pets (cabin / hold / cargo): Not carried";"non — aucun tarif n'atteint le Finder aujourd'hui";"ancienne information présente, non raccordée (piste)";"C";"lire la page officielle actuelle (Codex) : citation, locator, langue, date → import"
"airline_edelweiss";"Edelweiss Air";"cabin";"accepted_with_conditions";"éditorial « Allowed » — 8 kg (dog/cat + carrier), waterproof soft container up to 55 × 40 × 23 cm, stowed under the seat, closed for the whole flight. At least 12 w | plafond hérité 8 kg (chien + contenant)";"https://www.flyedelweiss.com/ch/en/prepare/flight-preparation/animals-travelling/regulations.html";"« Only dogs and cats weighing up to a maximum of 8 kg including the pet carrier may travel in the cabin. » (Travelling in the Cabin, en, lu le 2026-09-09)";"oui";"À LIRE (Codex)";"non — aucun tarif n'atteint le Finder aujourd'hui";"décision du Finder déjà correcte (citée)";"A";"relire la page pour un tarif officiel (Codex)"
"airline_edelweiss";"Edelweiss Air";"hold";"accepted_with_conditions";"éditorial « Allowed » — Kennel sizes from 57×37×36 cm up to 125×75×85 cm. Up to two animals of comparable size, 14 kg or less each, may share a kennel. No kennel re | brachycéphales refusés (hérité)";"https://www.flyedelweiss.com/xk/en/customer-service/faq/animals.html";"« travel in the luggage hold (which is lit and heated) » (Animals FAQ → Are animals given something to drink during the flight?, en, lu le 2026-09-09)";"oui";"À LIRE (Codex)";"non — aucun tarif n'atteint le Finder aujourd'hui";"décision du Finder déjà correcte (citée)";"A";"relire la page pour un tarif officiel (Codex)"
"airline_edelweiss";"Edelweiss Air";"cargo";"accepted_with_conditions";"éditorial « Via SWISS WorldCargo » — For an unaccompanied pet, or where a destination requires it — Mauritius, for instance, only accepts pets as cargo. Edelweiss doesn't handle";"https://www.flyedelweiss.com/xk/en/customer-service/faq/animals.html";"« Your pet can also be transported unaccompanied as freight. » (Animals FAQ → Can my pet be transported unaccompanied as freight?, en, lu le 2026-09-09)";"oui";"À LIRE (Codex)";"non — aucun tarif n'atteint le Finder aujourd'hui";"décision du Finder déjà correcte (citée)";"A";"relire la page pour un tarif officiel (Codex)"
"airline_egyptair";"EgyptAir";"cabin";"accepted_with_conditions";"éditorial « Allowed » — Cats & dogs (falcons by arrangement) ≤ 8 kg incl. cage (max 55+40+20 cm); max 2 per cabin zone, first-come, first-served. | plafond hérité 8 kg (chien + contenant)";"https://www.egyptair.com/en/fly/special-services/Pages/traveling-with-pets.aspx";"« The total weight of animal and cage should not exceed 8 KG. » (Traveling With Pets → Animal Transport in Passenger Cabins, en, lu le 2026-09-09)";"oui";"hérité (inventaire, non prouvé) : fareList : Cabin (≤ 8 kg): Excess-baggage basis";"non — aucun tarif n'atteint le Finder aujourd'hui";"décision du Finder déjà correcte (citée)";"A";"tarif hérité présent, masqué : contre-vérifier sur la page officielle (Codex), puis raccorder"
"airline_egyptair";"EgyptAir";"hold";"accepted_with_conditions";"éditorial « Allowed » — Cats & dogs as checked baggage (AVIH) in a rigid ventilated crate; over 23 kg travel alone (two-piece charge). Over 32 kg not to Tunisia/Tan";"https://www.egyptair.com/en/fly/special-services/Pages/traveling-with-pets.aspx";"« EGYPTAIR accepts live animals as checked baggage or in the cabin as follows: » (Traveling With Pets → Animal Transport in Aircraft Baggage Holds, en, lu le 2026-09-09)";"oui";"hérité (inventaire, non prouvé) : fareList : Hold (≤ 32 kg): Excess-baggage basis";"non — aucun tarif n'atteint le Finder aujourd'hui";"décision du Finder déjà correcte (citée)";"A";"tarif hérité présent, masqué : contre-vérifier sur la page officielle (Codex), puis raccorder"
"airline_egyptair";"EgyptAir";"cargo";"confirmation_required (legacy_unreviewed)";"éditorial « Via cargo » — Other species, and all pets to/from the UK, UAE, Bahrain, Yemen, Kenya and South Africa — cargo only.";"https://www.egyptair.com";"À LIRE (Codex)";"non";"hérité (inventaire, non prouvé) : fareList : EgyptAir Cargo: Quote";"non — aucun tarif n'atteint le Finder aujourd'hui";"ancienne information présente, non raccordée (piste)";"C";"lire la page officielle actuelle (Codex) : citation, locator, langue, date → import"
"airline_el_al";"EL AL Israel Airlines";"cabin";"confirmation_required (legacy_unreviewed)";"éditorial « Allowed » — Dogs, cats & exotic birds ≤ 9 kg incl. carrier with a passenger; up to 2 per carrier. Not in 777 Business. Booked via the call centre. Not o";"https://www.elal.com";"À LIRE (Codex)";"non";"hérité (inventaire, non prouvé) : fareList : Cabin — international: $100 | fareList : Cabin — domestic: NIS 50";"non — aucun tarif n'atteint le Finder aujourd'hui";"ancienne information présente, non raccordée (piste)";"B";"lire la page officielle actuelle (Codex) : citation, locator, langue, date → import"
"airline_el_al";"EL AL Israel Airlines";"hold";"confirmation_required (legacy_unreviewed)";"éditorial « Allowed » — Pets over 9 kg (up to 100 kg incl. container) in the hold; two adults (≤ 14 kg each) may share. A drinker is required on flights over 12 h.";"https://www.elal.com";"À LIRE (Codex)";"non";"hérité (inventaire, non prouvé) : fareList : Hold — 9–50 kg: $200 | fareList : Hold — 50–100 kg: $400";"non — aucun tarif n'atteint le Finder aujourd'hui";"ancienne information présente, non raccordée (piste)";"B";"lire la page officielle actuelle (Codex) : citation, locator, langue, date → import"
"airline_el_al";"EL AL Israel Airlines";"cargo";"confirmation_required (legacy_unreviewed)";"éditorial « Via cargo » — Over 100 kg, and pets to/from London (LHR/LTN), Johannesburg, Hong Kong and Australia via EL AL Cargo.";"https://www.elal.com";"À LIRE (Codex)";"non";"À LIRE (Codex)";"non — aucun tarif n'atteint le Finder aujourd'hui";"ancienne information présente, non raccordée (piste)";"C";"lire la page officielle actuelle (Codex) : citation, locator, langue, date → import"
"airline_emirates";"Emirates";"cabin";"denied";"éditorial « Not allowed » — No cats or dogs in the cabin — only falcons on select Dubai–Pakistan routes, plus service animals.";"https://www.emirates.com/us/english/before-you-fly/baggage/unusual-baggage-and-special-allowances/";"« Pets are not permitted in the cabin, with the exception of falcons between Dubai and certain destinations in Pakistan. » (Unusual baggage and special allowances → Pets, en, lu le 2026-09-09)";"oui";"À LIRE (Codex)";"non — aucun tarif n'atteint le Finder aujourd'hui";"décision du Finder déjà correcte (citée)";"A";"relire la page pour un tarif officiel (Codex)"
"airline_emirates";"Emirates";"hold";"accepted_with_conditions";"éditorial « Allowed » — Cats & dogs as checked baggage from Dubai, journeys under 17 h. Priced on animal + cage weight and size.";"https://www.emirates.com/us/english/before-you-fly/baggage/unusual-baggage-and-special-allowances/";"« Depending on the individual circumstances, pets must be carried either as cargo or as checked baggage in the hold. » (Unusual baggage and special allowances → Pets, en, lu le 2026-09-09)";"oui";"hérité (inventaire, non prouvé) : fareList : Hold ≤ 23 kg & ≤ 150 cm: $500 | fareList : Hold 24–32 kg (150–300 cm): $650 | fareList : Hold > 32 kg (150–300 cm): $800";"non — aucun tarif n'atteint le Finder aujourd'hui";"décision du Finder déjà correcte (citée)";"A";"tarif hérité présent, masqué : contre-vérifier sur la page officielle (Codex), puis raccorder"
"airline_emirates";"Emirates";"cargo";"accepted_with_conditions";"éditorial « On request » — Required for journeys over 17 h, long connections, oversize cages or Dubai-bound trips. Via Emirates SkyCargo.";"https://www.emirates.com/us/english/before-you-fly/baggage/unusual-baggage-and-special-allowances/";"« Depending on the individual circumstances, pets must be carried either as cargo or as checked baggage in the hold. » (Unusual baggage and special allowances → Pets, en, lu le 2026-09-09)";"oui";"hérité (inventaire, non prouvé) : fareList : SkyCargo (oversize / long): Quote";"non — aucun tarif n'atteint le Finder aujourd'hui";"décision du Finder déjà correcte (citée)";"A";"tarif hérité présent, masqué : contre-vérifier sur la page officielle (Codex), puis raccorder"
"airline_ethiopian";"Ethiopian Airlines";"cabin";"accepted_with_conditions";"éditorial « Allowed » — Cats & dogs only ≤ 8 kg incl. container (max 55 × 40 × 20 cm); limited seats per cabin, incl. Q400 aircraft. | plafond hérité 8 kg (chien + contenant)";"https://www.ethiopianairlines.com/us/information/special-needs/travelling-with-pets";"« You must bring your pet in a box that does not exceed 55 x 40 x 20 cm and 8 kg (including the container). If the size or weight is more, the pet must be transported in the aircraft hold. » (Travelling with Pets → Policy, en, lu le 2026-09-08)";"oui";"hérité (inventaire, non prouvé) : fareList : Cabin — ET international: $150 (€120/£110) | fareList : Cabin — Addis → US: $300";"non — aucun tarif n'atteint le Finder aujourd'hui";"décision du Finder déjà correcte (citée)";"A";"tarif hérité présent, masqué : contre-vérifier sur la page officielle (Codex), puis raccorder"
"airline_ethiopian";"Ethiopian Airlines";"hold";"accepted_with_conditions";"éditorial « Allowed » — When the cage exceeds cabin size or pet + cage is over 8 kg, up to 45 kg. | plafond hérité 45 kg (chien + contenant)";"https://www.ethiopianairlines.com/us/information/special-needs/travelling-with-pets";"« If the cage is larger than allowed for cabin travel, or the total weight (pet + cage) is more than 8 kg and up to 45 kg, it will be transported in the hold. » (Travelling with Pets → Policy, en, lu le 2026-09-08)";"oui";"hérité (inventaire, non prouvé) : fareList : Hold (8–45 kg): $370–500";"non — aucun tarif n'atteint le Finder aujourd'hui";"décision du Finder déjà correcte (citée)";"A";"tarif hérité présent, masqué : contre-vérifier sur la page officielle (Codex), puis raccorder"
"airline_ethiopian";"Ethiopian Airlines";"cargo";"accepted_with_conditions";"éditorial « Via cargo » — Pets (incl. cage) over 45 kg travel as cargo via Ethiopian Cargo's Live Animals service.";"https://www.ethiopianairlines.com/us/information/special-needs/travelling-with-pets";"« Pets (including cage) weighing more than 45 kg must be transported as cargo, following cargo procedures. » (Travelling with Pets → Policy, en, lu le 2026-09-08)";"oui";"À LIRE (Codex)";"non — aucun tarif n'atteint le Finder aujourd'hui";"décision du Finder déjà correcte (citée)";"A";"relire la page pour un tarif officiel (Codex)"
"airline_etihad";"Etihad Airways";"cabin";"accepted_with_conditions";"éditorial « Allowed » — Small cats & dogs (min. 16 weeks, ≤ 8 kg incl. carrier) under the seat, to/from Abu Dhabi; falcons too. Many route exclusions. | plafond hérité 8 kg (chien + contenant)";"https://www.etihad.com/en/plan/travel-companion/travelling-with-pets";"« Pets must be at least 16 weeks old and weigh up to 8kg, including their carrier. » (Travelling with Pets → Eligibility, en, lu le 2026-09-08)";"oui";"hérité (inventaire, non prouvé) : fareList : Cabin — Economy (≤ 8 kg): $399 | fareList : Cabin — Business: $399 + extra seat";"non — aucun tarif n'atteint le Finder aujourd'hui";"décision du Finder déjà correcte (citée)";"A";"tarif hérité présent, masqué : contre-vérifier sur la page officielle (Codex), puis raccorder"
"airline_etihad";"Etihad Airways";"hold";"confirmation_required (legacy_unreviewed)";"éditorial « Not allowed » — Cats & dogs aren't carried as checked baggage (falcons are, at a per-cage fare). Service dogs fly in the cabin.";"https://www.etihad.com/";"À LIRE (Codex)";"non";"hérité (inventaire, non prouvé) : fareList : Falcon (checked): $500 / cage";"non — aucun tarif n'atteint le Finder aujourd'hui";"ancienne information présente, non raccordée (piste)";"C";"lire la page officielle actuelle (Codex) : citation, locator, langue, date → import"
"airline_etihad";"Etihad Airways";"cargo";"confirmation_required (legacy_unreviewed)";"éditorial « On request » — Cats, dogs & small pets in climate-controlled, pressurised holds via Etihad Cargo LiveAnimals.";"https://www.etihad.com/";"À LIRE (Codex)";"non";"hérité (inventaire, non prouvé) : fareList : Etihad Cargo: Quote";"non — aucun tarif n'atteint le Finder aujourd'hui";"ancienne information présente, non raccordée (piste)";"C";"lire la page officielle actuelle (Codex) : citation, locator, langue, date → import"
"airline_eurowings";"Eurowings";"cabin";"confirmation_required (legacy_unreviewed)";"éditorial « Allowed » — Small dogs & cats ≤ 8 kg (pet + bag) in a soft leak/bite-proof bag under the seat (max 55 × 40 × 23 cm); 2 per bag, min 12 weeks. Short/medi | plafond hérité 8 kg (base non qualifiée)";"https://www.eurowings.com";"À LIRE (Codex)";"non";"hérité (inventaire, non prouvé) : fareList : Cabin (≤ 8 kg): from €60 / £53 / $69";"non — aucun tarif n'atteint le Finder aujourd'hui";"ancienne information présente, non raccordée (piste)";"C";"lire la page officielle actuelle (Codex) : citation, locator, langue, date → import"
"airline_eurowings";"Eurowings";"hold";"confirmation_required (legacy_unreviewed)";"éditorial « Not carried » — Eurowings transports pets only in the cabin — no checked-hold service.";"https://www.eurowings.com";"À LIRE (Codex)";"non";"hérité (inventaire, non prouvé) : fareList : Hold / cargo: Not carried";"non — aucun tarif n'atteint le Finder aujourd'hui";"ancienne information présente, non raccordée (piste)";"B";"lire la page officielle actuelle (Codex) : citation, locator, langue, date → import"
"airline_eurowings";"Eurowings";"cargo";"confirmation_required (legacy_unreviewed)";"éditorial « Not offered » — No pet cargo service.";"https://www.eurowings.com";"À LIRE (Codex)";"non";"hérité (inventaire, non prouvé) : fareList : Hold / cargo: Not carried";"non — aucun tarif n'atteint le Finder aujourd'hui";"ancienne information présente, non raccordée (piste)";"C";"lire la page officielle actuelle (Codex) : citation, locator, langue, date → import"
"airline_eva_air";"EVA Air";"cabin";"denied";"éditorial « Not allowed » — Pets aren't accepted in the cabin — only service dogs.";"https://www.evaair.com/en-us/fly-prepare/baggage/travelling-with-pets/";"« Pets are not accepted in the cabin except for service dogs carried by disabled passengers. » (Travelling with Pets → Travelling with Pets, en, lu le 2026-09-08)";"oui";"À LIRE (Codex)";"non — aucun tarif n'atteint le Finder aujourd'hui";"décision du Finder déjà correcte (citée)";"A";"relire la page pour un tarif officiel (Codex)"
"airline_eva_air";"EVA Air";"hold";"accepted_with_conditions";"éditorial « Allowed » — Dogs, cats & rabbits as checked baggage on EVA Air/UNI Air international flights; one per container, max 2 per passenger. Min 4 months, not ";"https://www.evaair.com/en-us/fly-prepare/baggage/travelling-with-pets/";"« The accompanied pets, only dogs, cats, and rabbits, can be transported on EVA Air's aircraft as checked baggage in the cargo compartment. » (Travelling with Pets → Travelling with Pets, en, lu le 2026-09-08)";"oui";"hérité (inventaire, non prouvé) : fareList : Hold (≤ 32 kg): 2× excess-baggage charge | fareList : Hold (> 32 kg): 4× excess-baggage charge";"non — aucun tarif n'atteint le Finder aujourd'hui";"décision du Finder déjà correcte (citée)";"A";"tarif hérité présent, masqué : contre-vérifier sur la page officielle (Codex), puis raccorder"
"airline_eva_air";"EVA Air";"cargo";"confirmation_required (legacy_unreviewed)";"—";"https://www.brcargo.com/NEC_WEB/Product/Product/Index?type=AliveAnimal";"À LIRE (Codex)";"non";"À LIRE (Codex)";"non — aucun tarif n'atteint le Finder aujourd'hui";"aucune ancienne information";"B";"chercher une page officielle actuelle (Codex) ; sinon inconnue nommée"
"airline_finnair";"Finnair";"cabin";"accepted_with_conditions";"éditorial « Allowed » — Cats & small dogs (min 8 weeks) ≤ 8 kg incl. carrier under the seat (soft 55 × 40 × 23 cm); max 2 per carrier. Not in long-haul Business. | plafond hérité 8 kg (chien + contenant)";"https://www.finnair.com/en/pets-on-finnair-flights";"« Max. 8 kg (17.6 lb). » (Travel options for pets → Pets in cabin, en, lu le 2026-09-08)";"oui";"hérité (inventaire, non prouvé) : fareList : Cabin — Europe: €60–65 | fareList : Cabin — intercontinental: €120–140";"non — aucun tarif n'atteint le Finder aujourd'hui";"décision du Finder déjà correcte (citée)";"A";"tarif hérité présent, masqué : contre-vérifier sur la page officielle (Codex), puis raccorder"
"airline_finnair";"Finnair";"hold";"confirmation_required (legacy_unreviewed)";"éditorial « Allowed » — Bigger dogs & ferrets in a heated, air-conditioned hold (≤ 75 kg incl. container on Finnair, 50 kg on Norra). No auto-transfer at Helsinki.";"https://www.finnair.com";"À LIRE (Codex)";"non";"hérité (inventaire, non prouvé) : fareList : Hold — Europe: €140 | fareList : Hold — intercontinental: €650 / $700";"non — aucun tarif n'atteint le Finder aujourd'hui";"ancienne information présente, non raccordée (piste)";"B";"lire la page officielle actuelle (Codex) : citation, locator, langue, date → import"
"airline_finnair";"Finnair";"cargo";"confirmation_required (legacy_unreviewed)";"éditorial « Via cargo » — Over hold limits, unaccompanied, or to/via cargo-only countries (UK, Hong Kong, UAE, Australia). Via a forwarder.";"https://www.finnair.com";"À LIRE (Codex)";"non";"À LIRE (Codex)";"non — aucun tarif n'atteint le Finder aujourd'hui";"ancienne information présente, non raccordée (piste)";"C";"lire la page officielle actuelle (Codex) : citation, locator, langue, date → import"
"airline_french_bee";"French Bee";"cabin";"accepted_with_conditions";"éditorial « Allowed » — One dog or cat ≤ 8 kg incl. carrier in a soft carrier at your feet (max 43 × 35 × 20 cm); min 8 weeks. No Maxi Leg seat.";"https://support.frenchbee.com/hc/fr/articles/4408189999633-Quel-type-de-sac-pour-mon-animal-en-cabine";"« En cabine vous avez le droit de transporter un chien ou chat par passager. » (Quel type de sac pour mon animal en cabine ?, fr, lu le 2026-09-09)";"oui";"hérité (inventaire, non prouvé) : fareList : Cabin (≤ 8 kg): €75 / $100";"non — aucun tarif n'atteint le Finder aujourd'hui";"décision du Finder déjà correcte (citée)";"A";"tarif hérité présent, masqué : contre-vérifier sur la page officielle (Codex), puis raccorder"
"airline_french_bee";"French Bee";"hold";"accepted_with_conditions";"éditorial « Allowed » — Dogs & cats only (AVIH) up to 75 kg incl. cage in a rigid crate; two pets ≤ 14 kg each may share. Connections only if layover < 2 h. | brachycéphales refusés (hérité)";"https://support.frenchbee.com/hc/fr/articles/360039534611-Puis-je-faire-voyager-mon-animal-avec-moi-dans-l-avion";"« Ils peuvent voyager en soute sous certaines conditions » (Puis-je faire voyager mon animal avec moi dans l’avion ?, fr, lu le 2026-09-09)";"oui";"hérité (inventaire, non prouvé) : fareList : Hold (≤ 75 kg): €150 / $195";"non — aucun tarif n'atteint le Finder aujourd'hui";"décision du Finder déjà correcte (citée)";"A";"tarif hérité présent, masqué : contre-vérifier sur la page officielle (Codex), puis raccorder"
"airline_french_bee";"French Bee";"cargo";"confirmation_required (legacy_unreviewed)";"éditorial « Via freight » — Over 75 kg, oversize, or other species.";"https://us.frenchbee.com/en/organize-my-trip/before-the-flight/animals";"À LIRE (Codex)";"non";"À LIRE (Codex)";"non — aucun tarif n'atteint le Finder aujourd'hui";"ancienne information présente, non raccordée (piste)";"B";"lire la page officielle actuelle (Codex) : citation, locator, langue, date → import"
"airline_garuda_indonesia";"Garuda Indonesia";"cabin";"confirmation_required (legacy_unreviewed)";"éditorial « To confirm » — Historically reported as closed to pets (service dogs only), but no readable official page confirms it — check with Garuda.";"https://www.garuda-indonesia.com";"À LIRE (Codex)";"non";"À LIRE (Codex)";"non — aucun tarif n'atteint le Finder aujourd'hui";"ancienne information présente, non raccordée (piste)";"C";"lire la page officielle actuelle (Codex) : citation, locator, langue, date → import"
"airline_garuda_indonesia";"Garuda Indonesia";"hold";"confirmation_required (legacy_unreviewed)";"éditorial « Domestic only » — Dogs, cats & hamsters as checked baggage only on direct domestic flights ≤ 2 h (not via Denpasar) — no verified weight limit; confirm with G";"https://www.garuda-indonesia.com";"À LIRE (Codex)";"non";"hérité (inventaire, non prouvé) : fareList : Hold — domestic (≤ 2 h): Excess-baggage rate (min 5 kg)";"non — aucun tarif n'atteint le Finder aujourd'hui";"ancienne information présente, non raccordée (piste)";"B";"lire la page officielle actuelle (Codex) : citation, locator, langue, date → import"
"airline_garuda_indonesia";"Garuda Indonesia";"cargo";"accepted_with_conditions";"éditorial « Via cargo » — International routes and larger animals via Garuda Indonesia Cargo (Air Waybill, CITES if needed).";"https://cargo.garuda-indonesia.com/Live-Animals";"« Garuda Indonesia Cargo service is ready to make your pets or live animals comfortable on the plane until they arrive at their destination. » (CargoWeb → Live Animals, en, lu le 2026-09-09)";"oui";"hérité (inventaire, non prouvé) : fareList : Cargo (international / large): Quote";"non — aucun tarif n'atteint le Finder aujourd'hui";"décision du Finder déjà correcte (citée)";"A";"tarif hérité présent, masqué : contre-vérifier sur la page officielle (Codex), puis raccorder"
"airline_gulf_air";"Gulf Air";"cabin";"denied";"éditorial « Not allowed » — No dog or cat in the cabin, on any route, at any size. The ban comes from the conditions of carriage (art. 8.9.3), not from a case-by-case d";"https://www.gulfair.com/cargo";"« All live animals on Gulf Air travel as cargo. » (Falcon Cargo → Live Animals (AVI), en, lu le 2026-09-09)";"oui";"hérité (inventaire, non prouvé) : fareList : Cabin: Not available";"non — aucun tarif n'atteint le Finder aujourd'hui";"décision du Finder déjà correcte (citée)";"A";"tarif hérité présent, masqué : contre-vérifier sur la page officielle (Codex), puis raccorder"
"airline_gulf_air";"Gulf Air";"hold";"denied";"éditorial « Not allowed » — Pets don't travel as checked baggage either. You can't check your dog in with your suitcase — the hold is closed to animals under a passenge";"https://www.gulfair.com/cargo";"« All live animals on Gulf Air travel as cargo. » (Falcon Cargo → Live Animals (AVI), en, lu le 2026-09-09)";"oui";"hérité (inventaire, non prouvé) : fareList : Hold: Not available";"non — aucun tarif n'atteint le Finder aujourd'hui";"décision du Finder déjà correcte (citée)";"A";"tarif hérité présent, masqué : contre-vérifier sur la page officielle (Codex), puis raccorder"
"airline_gulf_air";"Gulf Air";"cargo";"accepted_with_conditions";"éditorial « Only route » — Your dog flies as freight, under a master air waybill, on a booking separate from yours. You go through the cargo terminal, not the passenge";"https://www.gulfair.com/cargo";"« All live animals on Gulf Air travel as cargo. » (Falcon Cargo → Live Animals (AVI), en, lu le 2026-09-09)";"oui";"hérité (inventaire, non prouvé) : fareList : Cargo: Quote — no published rate";"non — aucun tarif n'atteint le Finder aujourd'hui";"décision du Finder déjà correcte (citée)";"A";"tarif hérité présent, masqué : contre-vérifier sur la page officielle (Codex), puis raccorder"
"airline_iberia";"Iberia";"cabin";"accepted_with_conditions";"éditorial « Allowed » — Dogs, cats & small pets ≤ 8 kg incl. carrier under the seat (max 45 × 35 × 25 cm). Bookable online at booking. | plafond hérité 8 kg (chien + contenant) | conditions héritées : Carrier ventilated and leak-proof, kept under the seat; not permitted next to an emergency exit.";"https://www.iberia.com/us/fly-with-iberia/pets/";"« Dogs, cats, ornamental fish, tortoises and birds may travel with you in the cabin if they do not exceed 8 kg in weight, including the pet carrier. » (Acceptance in the cabin, en, lu le 2026-09-08)";"oui";"hérité (inventaire, non prouvé) : fee hérité : from €40/$50 (Spain) to €180/$215 (America/Asia) per segment | fareList : Cabin — Spain: €40 | fareList : Cabin — Europe / N. Africa: €60 | fareList : Cabin — America / Asia: €180";"non — aucun tarif n'atteint le Finder aujourd'hui";"décision du Finder déjà correcte (citée)";"A";"tarif hérité présent, masqué : contre-vérifier sur la page officielle (Codex), puis raccorder"
"airline_iberia";"Iberia";"hold";"accepted_with_conditions";"éditorial « Allowed » — Cats & dogs (not snub-nosed or dangerous breeds) up to 45 kg incl. carrier; prior authorisation required, transit 90 min–4 h. | conditions héritées : Dogs and cats only, except snub-nosed and dangerous breeds; booked via Booking Offices and paid at the airport.";"https://www.iberia.com/us/fly-with-iberia/pets/";"« The Iberia Group allow cats and dogs to travel in the hold. » (Acceptance in hold, en, lu le 2026-09-08)";"oui";"hérité (inventaire, non prouvé) : fareList : Hold (by weight & zone): €90–330";"non — aucun tarif n'atteint le Finder aujourd'hui";"décision du Finder déjà correcte (citée)";"A";"tarif hérité présent, masqué : contre-vérifier sur la page officielle (Codex), puis raccorder"
"airline_iberia";"Iberia";"cargo";"confirmation_required (official_source_unquoted)";"éditorial « Via agent » — Over 45 kg, restricted breeds, unaccompanied, or to/from the UK. Booked through a cargo agent. | conditions héritées : Via the partner Woof Airlines when the pet can't travel in the cabin or the hold.";"https://www.iberia.com/us/faqs/pets-carriage/";"À LIRE (Codex)";"non";"À LIRE (Codex)";"non — aucun tarif n'atteint le Finder aujourd'hui";"ancienne information présente, non raccordée (piste)";"B";"lire la page officielle actuelle (Codex) : citation, locator, langue, date → import"
"airline_iberia_express";"Iberia Express";"cabin";"accepted_with_conditions";"éditorial « Allowed » — Dogs, cats, birds, fish & turtles ≤ 8 kg incl. carrier under the seat (max 45 × 35 × 25 cm); prior Booking Office authorisation.";"https://www.iberiaexpress.com/informacion-general/informacion-pasajero/antes-de-volar/mascotas";"« podrán ser aceptados para el transporte en cabina determinados animales domésticos » (Aceptación en cabina de pasajero, es, lu le 2026-09-09)";"oui";"hérité (inventaire, non prouvé) : fareList : Cabin — Spain: €40 | fareList : Cabin — Europe / N. Africa: €60 | fareList : Cabin — America / Asia: €180";"non — aucun tarif n'atteint le Finder aujourd'hui";"décision du Finder déjà correcte (citée)";"A";"tarif hérité présent, masqué : contre-vérifier sur la page officielle (Codex), puis raccorder"
"airline_iberia_express";"Iberia Express";"hold";"accepted_with_conditions";"éditorial « Allowed » — Live animals up to 45 kg incl. container; authorisation + 48 h notice; transit 90 min–4 h. Snub-nosed barred. | brachycéphales refusés (hérité)";"https://www.iberiaexpress.com/informacion-general/informacion-pasajero/antes-de-volar/mascotas";"« pueden ser aceptados como equipaje en bodega » (Aceptación en bodega, es, lu le 2026-09-09)";"oui";"hérité (inventaire, non prouvé) : fareList : Hold (by zone): €100–360";"non — aucun tarif n'atteint le Finder aujourd'hui";"décision du Finder déjà correcte (citée)";"A";"tarif hérité présent, masqué : contre-vérifier sur la page officielle (Codex), puis raccorder"
"airline_iberia_express";"Iberia Express";"cargo";"confirmation_required (legacy_unreviewed)";"éditorial « Via agent » — Animals not accepted as cabin/hold pets, via the Cargo Department.";"https://www.iberiaexpress.com";"À LIRE (Codex)";"non";"À LIRE (Codex)";"non — aucun tarif n'atteint le Finder aujourd'hui";"ancienne information présente, non raccordée (piste)";"C";"lire la page officielle actuelle (Codex) : citation, locator, langue, date → import"
"airline_icelandair";"Icelandair";"cabin";"confirmation_required (legacy_unreviewed)";"éditorial « Service dogs only » — No pets are accepted in the cabin. Recognised service dogs (guide, hearing, diabetic-alert, mobility, autism) are welcome free of charge.";"https://www.icelandair.com";"À LIRE (Codex)";"non";"À LIRE (Codex)";"non — aucun tarif n'atteint le Finder aujourd'hui";"ancienne information présente, non raccordée (piste)";"B";"lire la page officielle actuelle (Codex) : citation, locator, langue, date → import"
"airline_icelandair";"Icelandair";"hold";"confirmation_required (legacy_unreviewed)";"éditorial « Not accepted » — Since 1 November 2024, following fleet changes, animals are no longer carried in the hold on international flights. Pets remain allowed in t";"https://www.icelandair.com";"À LIRE (Codex)";"non";"À LIRE (Codex)";"non — aucun tarif n'atteint le Finder aujourd'hui";"ancienne information présente, non raccordée (piste)";"B";"lire la page officielle actuelle (Codex) : citation, locator, langue, date → import"
"airline_icelandair";"Icelandair";"cargo";"confirmation_required (legacy_unreviewed)";"éditorial « Not offered » — Icelandair's passenger service offers no pet transport as cargo on international routes.";"https://www.icelandair.com";"À LIRE (Codex)";"non";"À LIRE (Codex)";"non — aucun tarif n'atteint le Finder aujourd'hui";"ancienne information présente, non raccordée (piste)";"B";"lire la page officielle actuelle (Codex) : citation, locator, langue, date → import"
"airline_indigo";"IndiGo";"cabin";"denied";"éditorial « No pets » — IndiGo doesn't carry pets in the cabin — only trained service dogs.";"https://www.goindigo.in/information/how-to-book.html?loginPopup=true";"« does not permit the carriage of pets » (How to Book → Special Services → Can I carry my pet on board?, en, lu le 2026-09-09)";"oui";"hérité (inventaire, non prouvé) : fareList : Pets (cabin / hold / cargo): Not carried";"non — aucun tarif n'atteint le Finder aujourd'hui";"décision du Finder déjà correcte (citée)";"A";"tarif hérité présent, masqué : contre-vérifier sur la page officielle (Codex), puis raccorder"
"airline_indigo";"IndiGo";"hold";"denied";"éditorial « Not carried » — Animals are listed as prohibited in checked baggage.";"https://www.goindigo.in/information/how-to-book.html?loginPopup=true";"« does not permit the carriage of pets or animals » (How to Book → Special Services → Can I carry my pet on board?, en, lu le 2026-09-09)";"oui";"hérité (inventaire, non prouvé) : fareList : Pets (cabin / hold / cargo): Not carried";"non — aucun tarif n'atteint le Finder aujourd'hui";"décision du Finder déjà correcte (citée)";"A";"tarif hérité présent, masqué : contre-vérifier sur la page officielle (Codex), puis raccorder"
"airline_indigo";"IndiGo";"cargo";"denied";"éditorial « Not offered » — No official pet transport via IndiGo CarGo for passengers.";"https://www.goindigo.in/cargo/products-guidelines.html";"« No, IndiGo does not carry livestock » (Product Guidelines → Need help? Check FAQs → Can I transport my pet dog on CarGo?, en, lu le 2026-09-09)";"oui";"hérité (inventaire, non prouvé) : fareList : Pets (cabin / hold / cargo): Not carried";"non — aucun tarif n'atteint le Finder aujourd'hui";"décision du Finder déjà correcte (citée)";"A";"tarif hérité présent, masqué : contre-vérifier sur la page officielle (Codex), puis raccorder"
"airline_ita_airways";"ITA Airways";"cabin";"accepted_with_conditions";"éditorial « Allowed » — Dogs & cats (min. 3 months) in a soft carrier under the seat (max 55 × 40 × 23 cm); up to 12 kg on domestic flights, 8 kg elsewhere.";"https://www.ita-airways.com/us/en/book-and-prepare/other-requests/travelling-with-pets/pets-in-cabin.html";"« Please note that as of December 1, 2025, pet transport is permitted only for dogs and cats, both in the cabin (PETC) and in the hold (AVIH). » (Pets in cabin → Service overview, en, lu le 2026-09-09)";"oui";"hérité (inventaire, non prouvé) : fareList : Cabin — domestic: €73 | fareList : Cabin — Europe: €95 | fareList : Cabin — intercontinental: €210–230";"non — aucun tarif n'atteint le Finder aujourd'hui";"décision du Finder déjà correcte (citée)";"A";"tarif hérité présent, masqué : contre-vérifier sur la page officielle (Codex), puis raccorder"
"airline_ita_airways";"ITA Airways";"hold";"accepted_with_conditions";"éditorial « Allowed » — Dogs & cats up to 75 kg incl. carrier (AVIH) in a rigid crate. Snub-nosed breeds suspended from the hold since Oct 2025. | brachycéphales refusés (hérité)";"https://www.ita-airways.com/us/en/book-and-prepare/other-requests/travelling-with-pets/pets-in-cabin.html";"« Please note that as of December 1, 2025, pet transport is permitted only for dogs and cats, both in the cabin (PETC) and in the hold (AVIH). » (Pets in cabin → Service overview, en, lu le 2026-09-09)";"oui";"hérité (inventaire, non prouvé) : fareList : Hold (domestic → intercont.): €83–330";"non — aucun tarif n'atteint le Finder aujourd'hui";"décision du Finder déjà correcte (citée)";"A";"tarif hérité présent, masqué : contre-vérifier sur la page officielle (Codex), puis raccorder"
"airline_ita_airways";"ITA Airways";"cargo";"confirmation_required (legacy_unreviewed)";"éditorial « Not offered » — ITA carries pets only in the cabin or hold — there's no separate pet cargo service.";"https://www.ita-airways.com";"À LIRE (Codex)";"non";"À LIRE (Codex)";"non — aucun tarif n'atteint le Finder aujourd'hui";"ancienne information présente, non raccordée (piste)";"C";"lire la page officielle actuelle (Codex) : citation, locator, langue, date → import"
"airline_jal";"Japan Airlines (JAL)";"cabin";"confirmation_required (legacy_unreviewed)";"éditorial « Not allowed » — Dogs & cats can't be carried in the cabin — only assistance dogs (plus tiny sealed-container creatures).";"https://www.jal.co.jp";"À LIRE (Codex)";"non";"À LIRE (Codex)";"non — aucun tarif n'atteint le Finder aujourd'hui";"ancienne information présente, non raccordée (piste)";"B";"lire la page officielle actuelle (Codex) : citation, locator, langue, date → import"
"airline_jal";"Japan Airlines (JAL)";"hold";"accepted_with_conditions";"éditorial « Allowed » — Pets as checked baggage in the bulk hold (pet + crate ≤ 32 kg); min 8 weeks, rabies-vaccinated. travel crate (rental available).";"https://www.jal.co.jp/jp/en/inter/support/pet/";"« Pets can be checked in at the same check-in counter as their owners. » (Traveling with pets → How to transport your pet → Step 3, en, lu le 2026-09-08)";"oui";"hérité (inventaire, non prouvé) : fareList : Hold — Japan domestic: ¥5,500–7,700 / crate";"non — aucun tarif n'atteint le Finder aujourd'hui";"décision du Finder déjà correcte (citée)";"A";"tarif hérité présent, masqué : contre-vérifier sur la page officielle (Codex), puis raccorder"
"airline_jal";"Japan Airlines (JAL)";"cargo";"confirmation_required (legacy_unreviewed)";"éditorial « Via cargo » — Unaccompanied pets or over 32 kg travel via JAL Cargo.";"https://www.jal.co.jp";"À LIRE (Codex)";"non";"hérité (inventaire, non prouvé) : fareList : Cargo (> 32 kg / unaccompanied): Quote";"non — aucun tarif n'atteint le Finder aujourd'hui";"ancienne information présente, non raccordée (piste)";"C";"lire la page officielle actuelle (Codex) : citation, locator, langue, date → import"
"airline_jetblue";"JetBlue";"cabin";"accepted_with_conditions";"éditorial « Allowed » — Small dogs & cats only in an FAA carrier under the seat (max 43 × 32 × 21 cm); max 2 pets/traveler, 6/flight. Not in Mint.";"https://www.jetblue.com/help/traveling-with-pets";"« Only small dogs and cats may travel in the cabin in an FAA-approved pet carrier that fits comfortably under the seat in front of you. » (Traveling with Pets → Pet guidelines, en, lu le 2026-09-08)";"oui";"hérité (inventaire, non prouvé) : fareList : Cabin (small pet): $150 each way";"non — aucun tarif n'atteint le Finder aujourd'hui";"décision du Finder déjà correcte (citée)";"A";"tarif hérité présent, masqué : contre-vérifier sur la page officielle (Codex), puis raccorder"
"airline_jetblue";"JetBlue";"hold";"confirmation_required (legacy_unreviewed)";"éditorial « Not carried » — JetBlue doesn't transport pets in the hold.";"https://www.jetblue.com";"À LIRE (Codex)";"non";"hérité (inventaire, non prouvé) : fareList : Hold / cargo: Not carried";"non — aucun tarif n'atteint le Finder aujourd'hui";"ancienne information présente, non raccordée (piste)";"B";"lire la page officielle actuelle (Codex) : citation, locator, langue, date → import"
"airline_jetblue";"JetBlue";"cargo";"confirmation_required (legacy_unreviewed)";"éditorial « Not offered » — No live-pet cargo service — cabin only.";"https://www.jetblue.com";"À LIRE (Codex)";"non";"hérité (inventaire, non prouvé) : fareList : Hold / cargo: Not carried";"non — aucun tarif n'atteint le Finder aujourd'hui";"ancienne information présente, non raccordée (piste)";"C";"lire la page officielle actuelle (Codex) : citation, locator, langue, date → import"
"airline_kenya_airways";"Kenya Airways";"cabin";"denied";"éditorial « Forbidden » — No pet is accepted in the cabin, whatever its size or carrier. Only a certified assistance dog travels with you, and only on a direct flight";"https://www.kenya-airways.com/en-gb/plan/baggage-information/pet-carriage/";"« Live animals will not be accepted as checked-in Animal in Hold (AVIH) or Pet in Cabin (PETC) on Kenya Airways flights. » (Pet Carriage → opening policy statement, en, lu le 2026-09-09)";"oui";"hérité (inventaire, non prouvé) : fareList : Pets (cabin / hold): Not carried";"non — aucun tarif n'atteint le Finder aujourd'hui";"décision du Finder déjà correcte (citée)";"A";"tarif hérité présent, masqué : contre-vérifier sur la page officielle (Codex), puis raccorder"
"airline_kenya_airways";"Kenya Airways";"hold";"denied";"éditorial « Not carried » — Kenya Airways carries no animal as checked baggage. There is no pet-in-hold product to book, at any price, on any route.";"https://www.kenya-airways.com/en-gb/plan/baggage-information/pet-carriage/";"« Live animals will not be accepted as checked-in Animal in Hold (AVIH) or Pet in Cabin (PETC) on Kenya Airways flights. » (Pet Carriage → opening policy statement, en, lu le 2026-09-09)";"oui";"hérité (inventaire, non prouvé) : fareList : Pets (cabin / hold): Not carried";"non — aucun tarif n'atteint le Finder aujourd'hui";"décision du Finder déjà correcte (citée)";"A";"tarif hérité présent, masqué : contre-vérifier sur la page officielle (Codex), puis raccorder"
"airline_kenya_airways";"Kenya Airways";"cargo";"accepted_with_conditions";"éditorial « The only route » — The airline's own wording is that live animals shall be consigned as cargo only. The passenger pet page publishes no rate, crate standard or";"https://www.kenya-airways.com/en-gb/plan/baggage-information/pet-carriage/";"« Live animals shall be consigned as cargo only. » (Pet Carriage → opening policy statement, en, lu le 2026-09-09)";"oui";"hérité (inventaire, non prouvé) : fareList : Cargo: Not published — quote from KQ Cargo";"non — aucun tarif n'atteint le Finder aujourd'hui";"décision du Finder déjà correcte (citée)";"A";"tarif hérité présent, masqué : contre-vérifier sur la page officielle (Codex), puis raccorder"
"airline_klm";"KLM Royal Dutch Airlines";"cabin";"accepted_with_conditions";"éditorial « Allowed » — One cat or dog (≤ 8 kg incl. carrier) in a closed bag under the seat (max 46 × 28 × 24 cm); Economy or intra-Europe Business. | plafond hérité 8 kg (chien + contenant) | conditions héritées : One pet in Economy (or Business within Europe); stays in the kennel throughout; minimum 15 weeks old.";"https://www.klm.com/information/pets/reservation";"« Because they'll need to travel underneath the seat in front of you, the bag or kennel can weigh no more than 8 kg (17.6 lb), with your pet inside. » (Pets in the cabin, en, lu le 2026-09-08)";"oui";"hérité (inventaire, non prouvé) : fee hérité : €70 to €500 per one-way flight | fareList : Cabin (≤ 8 kg): €70–500";"non — aucun tarif n'atteint le Finder aujourd'hui";"décision du Finder déjà correcte (citée)";"A";"tarif hérité présent, masqué : contre-vérifier sur la page officielle (Codex), puis raccorder"
"airline_klm";"KLM Royal Dutch Airlines";"hold";"accepted_with_conditions";"éditorial « Allowed » — Larger pets (pet + kennel < 75 kg) in the hold; not on B787-9/-10, A321neo, German Airways or KLC flights over 2 h. | conditions héritées : Up to 3 pets; pet plus kennel max 75 kg; snub-nosed breeds not accepted; no pets to the UK.";"https://www.klm.com/information/pets/reservation";"« You can bring up to 3 pets in the hold. » (Pets in the hold, en, lu le 2026-09-08)";"oui";"hérité (inventaire, non prouvé) : fee hérité : €70 to €500 | fareList : Hold (< 75 kg): €70–500";"non — aucun tarif n'atteint le Finder aujourd'hui";"décision du Finder déjà correcte (citée)";"A";"tarif hérité présent, masqué : contre-vérifier sur la page officielle (Codex), puis raccorder"
"airline_klm";"KLM Royal Dutch Airlines";"cargo";"confirmation_required (official_source_unquoted)";"éditorial « On request » — When the transfer exceeds 3 h or the destination only allows pets as cargo. Via AF-KLM-Martinair Cargo. | conditions héritées : Via KLM Cargo for transfers over 3 h, snub-nosed pets, or countries that only allow pets as cargo.";"https://www.klm.com/information/pets/reservation";"À LIRE (Codex)";"non";"hérité (inventaire, non prouvé) : fareList : Cargo: Quote";"non — aucun tarif n'atteint le Finder aujourd'hui";"ancienne information présente, non raccordée (piste)";"B";"lire la page officielle actuelle (Codex) : citation, locator, langue, date → import"
"airline_km_malta";"KM Malta Airlines";"cabin";"accepted_with_conditions";"éditorial « Allowed » — Dogs & cats up to 10 kg incl. a soft carrier (40 × 34 × 18 cm) under the seat. Min. 15 weeks old, 5 pets per flight. Book online or via +356";"https://kmmaltairlines.com/en/travelling-with-pets";"« Dogs and cats (up to 10kg) » (Travelling with Pets → Pets in Cabin, en, lu le 2026-09-09)";"oui";"hérité (inventaire, non prouvé) : fareList : Cabin (PETC) ≤ 10 kg: €85";"non — aucun tarif n'atteint le Finder aujourd'hui";"décision du Finder déjà correcte (citée)";"A";"tarif hérité présent, masqué : contre-vérifier sur la page officielle (Codex), puis raccorder"
"airline_km_malta";"KM Malta Airlines";"hold";"accepted_with_conditions";"éditorial « Allowed » — Dogs & cats up to 32 kg incl. a travel crate (max height 100 cm) in the hold. Register at least 5 working days ahead; 2 pets per sector.";"https://kmmaltairlines.com/en/travelling-with-pets";"« Dogs and cats weighing up to 32kg » (Travelling with Pets → Pet as Checked Baggage, en, lu le 2026-09-09)";"oui";"À LIRE (Codex)";"non — aucun tarif n'atteint le Finder aujourd'hui";"décision du Finder déjà correcte (citée)";"A";"relire la page pour un tarif officiel (Codex)"
"airline_km_malta";"KM Malta Airlines";"cargo";"accepted_with_conditions";"éditorial « Via agent » — For pets that don't qualify for cabin or checked baggage. Booked through the KM Malta Cargo department; drop-off/pick-up at the cargo centre";"https://kmmaltairlines.com/en/travelling-with-pets";"« booking your pet in the aircraft hold as Cargo » (Travelling with Pets → Pets as Cargo, en, lu le 2026-09-09)";"oui";"À LIRE (Codex)";"non — aucun tarif n'atteint le Finder aujourd'hui";"décision du Finder déjà correcte (citée)";"A";"relire la page pour un tarif officiel (Codex)"
"airline_korean_air";"Korean Air";"cabin";"accepted_with_conditions";"éditorial « Allowed » — Dogs, cats & birds (min 8 weeks) ≤ 7 kg incl. carrier under the seat (max 32 × 45 × 19 cm); one per passenger. | plafond hérité 7 kg (chien + contenant)";"https://www.koreanair.com/contents/plan-your-travel/special-assistance/travel-with-pets/guide?hl=en";"« 반려동물과 운송용기 합한 총 무게가 7kg 이하 » (Traveling with Pets → Transport restrictions → cabin pet conditions, ko, lu le 2026-09-09)";"oui";"hérité (inventaire, non prouvé) : fareList : Cabin (short → long-haul): $150–300";"non — aucun tarif n'atteint le Finder aujourd'hui";"décision du Finder déjà correcte (citée)";"A";"tarif hérité présent, masqué : contre-vérifier sur la page officielle (Codex), puis raccorder"
"airline_korean_air";"Korean Air";"hold";"accepted_with_conditions";"éditorial « Allowed » — Dogs & cats (min 16 weeks) up to 45 kg incl. carrier in a ventilated hold. Not on B737/A321 international or domestic Jun–Sep. | plafond hérité 45 kg (chien + contenant) | brachycéphales refusés (hérité)";"https://www.koreanair.com/contents/plan-your-travel/special-assistance/travel-with-pets/guide?hl=en";"« 반려동물과 운송용기 합한 총 무게가 45kg 이하 » (Traveling with Pets → Transport restrictions → checked-pet conditions, ko, lu le 2026-09-09)";"oui";"hérité (inventaire, non prouvé) : fareList : Hold ≤ 32 kg: $150–300 | fareList : Hold 33–45 kg: $300–600";"non — aucun tarif n'atteint le Finder aujourd'hui";"décision du Finder déjà correcte (citée)";"A";"tarif hérité présent, masqué : contre-vérifier sur la page officielle (Codex), puis raccorder"
"airline_korean_air";"Korean Air";"cargo";"confirmation_required (legacy_unreviewed)";"éditorial « Via agent » — Freighter live-animal service (KE routes) via a specialist, ~10–14 days ahead. Snub-nosed breeds barred.";"https://cargo.koreanair.com/en/products/Specialized/Live";"À LIRE (Codex)";"non";"À LIRE (Codex)";"non — aucun tarif n'atteint le Finder aujourd'hui";"ancienne information présente, non raccordée (piste)";"B";"lire la page officielle actuelle (Codex) : citation, locator, langue, date → import"
"airline_la_compagnie";"La Compagnie";"cabin";"accepted_with_conditions";"éditorial « Allowed » — Dogs and cats under 8 kg (17.6 lb) container included, in a ventilated bag of 22 × 14 × 10 in / 55 × 35 × 25 cm — La Compagnie publishes bot | plafond hérité 8 kg (chien + contenant)";"https://www.lacompagnie.com/fr/plan/special-services";"« vos compagnons, jusqu’à 8kg, sac compris, (chiens et chats) » (Services optionnels → Animaux, fr, lu le 2026-09-09)";"oui";"hérité (inventaire, non prouvé) : fareList : Cabin, one-way: €200 | fareList : Cabin, return: €400";"non — aucun tarif n'atteint le Finder aujourd'hui";"décision du Finder déjà correcte (citée)";"A";"tarif hérité présent, masqué : contre-vérifier sur la page officielle (Codex), puis raccorder"
"airline_la_compagnie";"La Compagnie";"hold";"denied";"éditorial « Forbidden » — La Compagnie carries no animal in the hold. Its all-business A321neo fleet offers cabin carriage only, so anything over 8 kg or too big for ";"https://www.lacompagnie.com/fr/plan/special-services";"« Seul le transport en cabine est autorisé, le transport d’animaux en soute n’est pas proposé. » (Services optionnels → Animaux, fr, lu le 2026-09-09)";"oui";"À LIRE (Codex)";"non — aucun tarif n'atteint le Finder aujourd'hui";"décision du Finder déjà correcte (citée)";"A";"relire la page pour un tarif officiel (Codex)"
"airline_la_compagnie";"La Compagnie";"cargo";"aucune politique";"—";"https://www.lacompagnie.com";"À LIRE (Codex)";"non";"À LIRE (Codex)";"non — aucun tarif n'atteint le Finder aujourd'hui";"aucune ancienne information";"D";"chercher une page officielle actuelle (Codex) ; sinon inconnue nommée"
"airline_latam";"LATAM";"cabin";"accepted_with_conditions";"éditorial « Allowed » — Small dog or cat in a carrier under the seat (max 40 × 28 × 25 cm); Economy/Premium Economy only. Min 16 weeks (6 months to the US).";"https://www.latamairlines.com/ca/en/help-center/faq/pets/transport/airplaine-flight";"« Depending on the size, weight and other considerations, your pet can travel with you in the cabin (Economy or Premium Economy), or in the aircraft hold. » (Can I travel with my pet on the plane? → opening policy statement, en, lu le 2026-09-09)";"oui";"hérité (inventaire, non prouvé) : fareList : Cabin (regional → long-haul): $45–250";"non — aucun tarif n'atteint le Finder aujourd'hui";"décision du Finder déjà correcte (citée)";"A";"tarif hérité présent, masqué : contre-vérifier sur la page officielle (Codex), puis raccorder"
"airline_latam";"LATAM";"hold";"accepted_with_conditions";"éditorial « Allowed » — Dog or cat in a rigid kennel; up to 45 kg on wide-bodies, 23–32 kg on single-aisle by flight length. Book ≤ 48 h before. | brachycéphales refusés (hérité)";"https://www.latamairlines.com/ca/en/help-center/faq/pets/transport/airplaine-flight";"« If your dog or cat exceeds the maximum size or weight allowed to travel in the cabin, it can travel in the hold, as long as the conditions and requirements are met. » (Can I travel with my pet on the plane? → In the hold, en, lu le 2026-09-09)";"oui";"hérité (inventaire, non prouvé) : fareList : Hold (0–45 kg, by zone): $50–300";"non — aucun tarif n'atteint le Finder aujourd'hui";"décision du Finder déjà correcte (citée)";"A";"tarif hérité présent, masqué : contre-vérifier sur la page officielle (Codex), puis raccorder"
"airline_latam";"LATAM";"cargo";"confirmation_required (legacy_unreviewed)";"éditorial « Via agent » — Over hold limits or dangerous (non-brachy) breeds. International via an IPATA cargo agency; domestic via the Contact Center.";"https://www.latamairlines.com";"À LIRE (Codex)";"non";"hérité (inventaire, non prouvé) : fareList : LATAM Cargo: Quote";"non — aucun tarif n'atteint le Finder aujourd'hui";"ancienne information présente, non raccordée (piste)";"C";"lire la page officielle actuelle (Codex) : citation, locator, langue, date → import"
"airline_lot";"LOT Polish Airlines";"cabin";"confirmation_required (legacy_unreviewed)";"éditorial « Allowed » — Dog, cat or ferret ≤ 8 kg incl. carrier under the seat (max 55 × 40 × 20 cm; smaller on Embraer); one per passenger. | plafond hérité 8 kg (base non qualifiée)";"https://www.lot.com/";"À LIRE (Codex)";"non";"hérité (inventaire, non prouvé) : fareList : Cabin (≤ 8 kg): €65–100";"non — aucun tarif n'atteint le Finder aujourd'hui";"ancienne information présente, non raccordée (piste)";"C";"lire la page officielle actuelle (Codex) : citation, locator, langue, date → import"
"airline_lot";"LOT Polish Airlines";"hold";"confirmation_required (legacy_unreviewed)";"éditorial « Allowed » — Dogs, cats & ferrets over 8 kg in a travel crate in a temperature-adjusted hold; one adult per crate. Snub-nosed barred. | brachycéphales refusés (hérité)";"https://www.lot.com/";"À LIRE (Codex)";"non";"hérité (inventaire, non prouvé) : fareList : Hold (> 8 kg): €150–290";"non — aucun tarif n'atteint le Finder aujourd'hui";"ancienne information présente, non raccordée (piste)";"C";"lire la page officielle actuelle (Codex) : citation, locator, langue, date → import"
"airline_lot";"LOT Polish Airlines";"cargo";"confirmation_required (legacy_unreviewed)";"éditorial « Via agent » — Other species, and routes requiring cargo (UK, UAE), via a forwarding company.";"https://www.lot.com/";"À LIRE (Codex)";"non";"À LIRE (Codex)";"non — aucun tarif n'atteint le Finder aujourd'hui";"ancienne information présente, non raccordée (piste)";"C";"lire la page officielle actuelle (Codex) : citation, locator, langue, date → import"
"airline_lufthansa";"Lufthansa";"cabin";"accepted_with_conditions";"éditorial « Allowed » — Small dogs & cats up to 8 kg incl. carrier in a soft bag under the seat (max 55 × 40 × 23 cm); up to 2 per passenger. | plafond hérité 8 kg (chien + contenant) | conditions héritées : Small dogs and cats up to 8 kg including the container; up to 2 animals; minimum 12 weeks old (15 weeks to/from Germany)";"https://www.lufthansa.com/ua/en/travelling-with-animals";"« Only smaller dogs and cats weighing no more than 8 kg including their transport container may be transported under certain conditions as additional carry-on baggage in the passenger cabin. » (What travel options are there for the different types of animals?, en, lu le 2026-09-08)";"oui";"hérité (inventaire, non prouvé) : fareList : Cabin (≤ 8 kg): Route-based fee";"non — aucun tarif n'atteint le Finder aujourd'hui";"décision du Finder déjà correcte (citée)";"A";"tarif hérité présent, masqué : contre-vérifier sur la page officielle (Codex), puis raccorder"
"airline_lufthansa";"Lufthansa";"hold";"accepted_with_conditions";"éditorial « Allowed » — Dogs & cats over 8 kg as excess baggage in the air-conditioned hold, in a travel crate. No hold pets on connections via Munich — use Frankfu | conditions héritées : Dogs and cats over 8 kg travel as excess baggage in an air-conditioned hold; register at least 72 h before departure; ma";"https://www.lufthansa.com/ua/en/travelling-with-animals";"« Dogs and cats weighing more than 8 kg including their transport container may be carried as excess baggage in the aircraft’s air-conditioned cargo hold under certain conditions. » (What travel options are there for the different types of animals?, en, lu le 2026-09-08)";"oui";"hérité (inventaire, non prouvé) : fareList : Hold (> 8 kg): Route-based fee";"non — aucun tarif n'atteint le Finder aujourd'hui";"décision du Finder déjà correcte (citée)";"A";"tarif hérité présent, masqué : contre-vérifier sur la page officielle (Codex), puis raccorder"
"airline_lufthansa";"Lufthansa";"cargo";"confirmation_required (official_source_unquoted)";"éditorial « Via agent » — For unaccompanied animals or when country rules require air freight; booked through an animal freight forwarder. | conditions héritées : Via Lufthansa Cargo when required by the destination or when the owner is not travelling with the pet.";"https://www.lufthansa.com/us/en/travelling-with-animals";"À LIRE (Codex)";"non";"À LIRE (Codex)";"non — aucun tarif n'atteint le Finder aujourd'hui";"ancienne information présente, non raccordée (piste)";"B";"lire la page officielle actuelle (Codex) : citation, locator, langue, date → import"
"airline_luxair";"Luxair";"cabin";"accepted_with_conditions";"éditorial « Allowed » — Under 8 kg carrier included, in a bag of either 45 × 23 × 25 cm or 45 × 42 × 20 cm — two alternative formats, both published. Soft bag recom";"https://www.luxair.lu/en/node/502/";"« welcome them on board either in cabin » (Travelling with animals → General information and regulations, en, lu le 2026-09-09)";"oui";"hérité (inventaire, non prouvé) : fareList : Cabin — Economy: €70 per flight | fareList : Cabin — Business: Free";"non — aucun tarif n'atteint le Finder aujourd'hui";"décision du Finder déjà correcte (citée)";"A";"tarif hérité présent, masqué : contre-vérifier sur la page officielle (Codex), puis raccorder"
"airline_luxair";"Luxair";"hold";"accepted_with_conditions";"éditorial « Allowed » — Above 8 kg and up to 50 kg crate included, crate 115 × 60 × 85 cm maximum, rigid travel with two-point central locking and hinges overlappin | brachycéphales refusés (hérité)";"https://www.luxair.lu/en/node/502/";"« welcome them on board either in cabin or in hold » (Travelling with animals → General information and regulations, en, lu le 2026-09-09)";"oui";"hérité (inventaire, non prouvé) : fareList : Hold: €140 per flight";"non — aucun tarif n'atteint le Finder aujourd'hui";"décision du Finder déjà correcte (citée)";"A";"tarif hérité présent, masqué : contre-vérifier sur la page officielle (Codex), puis raccorder"
"airline_luxair";"Luxair";"cargo";"confirmation_required (legacy_unreviewed)";"éditorial « Not published » — Luxair publishes no cargo option for pets — no conditions and no rates for an unaccompanied animal or for a crate over the hold limits.";"https://www.luxair.lu";"À LIRE (Codex)";"non";"À LIRE (Codex)";"non — aucun tarif n'atteint le Finder aujourd'hui";"ancienne information présente, non raccordée (piste)";"C";"lire la page officielle actuelle (Codex) : citation, locator, langue, date → import"
"airline_malaysia_airlines";"Malaysia Airlines";"cabin";"denied";"éditorial « Not allowed » — No pets in the cabin — only guide dogs for sight/hearing-impaired passengers.";"https://www.malaysiaairlines.com/content/dam/mh/my/en/legal/2021-08-31-General-Conditions-of-Carriage-Malaysia-Airlines.pdf";"« Animals must be carried in the cargo compartment of the aircraft, and are not allowed in the passenger cabin. » (General Conditions of Carriage → 9.11 Carriage of Animals, en, lu le 2026-09-09)";"oui";"À LIRE (Codex)";"non — aucun tarif n'atteint le Finder aujourd'hui";"décision du Finder déjà correcte (citée)";"A";"relire la page pour un tarif officiel (Codex)"
"airline_malaysia_airlines";"Malaysia Airlines";"hold";"accepted_with_conditions";"éditorial « Allowed » — Pets as checked baggage (AVIH) up to 32 kg / 204 cm; inform the call centre at booking, pay at check-in.";"https://www.malaysiaairlines.com/content/dam/mh/my/en/legal/2021-08-31-General-Conditions-of-Carriage-Malaysia-Airlines.pdf";"« Subject to our advance permission and Regulations, we will accept animals such as dogs, cats, household birds and other pets for carriage when properly crated and accompanied by valid health and vaccination certificates, entry permits, and other documents required by countries of entry or transit. » (General Conditions of Carriage → 9.11 Carriage of Animals, en, lu le 2026-09-09)";"oui";"hérité (inventaire, non prouvé) : fareList : Hold (AVIH, ≤ 32 kg): Excess-baggage rate";"non — aucun tarif n'atteint le Finder aujourd'hui";"décision du Finder déjà correcte (citée)";"A";"tarif hérité présent, masqué : contre-vérifier sur la page officielle (Codex), puis raccorder"
"airline_malaysia_airlines";"Malaysia Airlines";"cargo";"confirmation_required (legacy_unreviewed)";"éditorial « Via cargo » — Over 32 kg or via a pet shipper; drop off at the MASkargo Animal Hotel ≥ 8 h before departure (24-h vet).";"https://www.maskargo.com/en/products-and-services/products/mk-live.html";"À LIRE (Codex)";"non";"hérité (inventaire, non prouvé) : fareList : MASkargo cargo: Quote (via pet shipper)";"non — aucun tarif n'atteint le Finder aujourd'hui";"ancienne information présente, non raccordée (piste)";"B";"lire la page officielle actuelle (Codex) : citation, locator, langue, date → import"
"airline_neos";"Neos";"cabin";"accepted_with_conditions";"éditorial « Allowed » — Up to 10 kg (pet + carrier), rigid or soft IATA-standard carrier up to 48 × 35 × 29 cm, waterproof floor, cannot open from inside. One pet p";"https://www.neosair.com/us/en/information/traveling-with-pets";"« you are allowed to transport them in the cabin » (NECESSARY REQUIREMENTS, en, lu le 2026-09-09)";"oui";"À LIRE (Codex)";"non — aucun tarif n'atteint le Finder aujourd'hui";"décision du Finder déjà correcte (citée)";"A";"relire la page pour un tarif officiel (Codex)"
"airline_neos";"Neos";"hold";"accepted_with_conditions";"éditorial « Allowed » — For animals over 10 kg. Rigid crate up to 100 × 85 × 75 cm, waterproof floor, can't open from inside. No upper weight limit is stated — only | brachycéphales refusés (hérité)";"https://www.neosair.com/us/en/information/traveling-with-pets";"« transportation is authorised in the hold of the aircraft » (NECESSARY REQUIREMENTS, en, lu le 2026-09-09)";"oui";"À LIRE (Codex)";"non — aucun tarif n'atteint le Finder aujourd'hui";"décision du Finder déjà correcte (citée)";"A";"relire la page pour un tarif officiel (Codex)"
"airline_neos";"Neos";"cargo";"confirmation_required (legacy_unreviewed)";"éditorial « Other species only » — ""All other species, such as wild animals, reptiles and rodents may only be transported by cargo"" — no dogs/cats cargo option, no booking pro";"https://www.neosair.com";"À LIRE (Codex)";"non";"À LIRE (Codex)";"non — aucun tarif n'atteint le Finder aujourd'hui";"ancienne information présente, non raccordée (piste)";"C";"lire la page officielle actuelle (Codex) : citation, locator, langue, date → import"
"airline_norwegian";"Norwegian";"cabin";"confirmation_required (legacy_unreviewed)";"éditorial « Allowed » — Small cats & dogs ≤ 8 kg (carrier + pet) in a soft carrier under the seat (max 43 × 31 × 20 cm), on Schengen/EU routes (not Iceland) and Sva | plafond hérité 8 kg (base non qualifiée)";"https://www.norwegian.com";"À LIRE (Codex)";"non";"hérité (inventaire, non prouvé) : fareList : Cabin (≤ 8 kg): €55–85";"non — aucun tarif n'atteint le Finder aujourd'hui";"ancienne information présente, non raccordée (piste)";"C";"lire la page officielle actuelle (Codex) : citation, locator, langue, date → import"
"airline_norwegian";"Norwegian";"hold";"confirmation_required (legacy_unreviewed)";"éditorial « Allowed » — Cats & dogs in a travel crate in a temperature-adjusted hold on Schengen/EU (not Ireland/Iceland) and Svalbard (dogs). Two similar pets (≤ 1";"https://www.norwegian.com";"À LIRE (Codex)";"non";"hérité (inventaire, non prouvé) : fareList : Hold (per animal): €150–200";"non — aucun tarif n'atteint le Finder aujourd'hui";"ancienne information présente, non raccordée (piste)";"B";"lire la page officielle actuelle (Codex) : citation, locator, langue, date → import"
"airline_norwegian";"Norwegian";"cargo";"confirmation_required (legacy_unreviewed)";"—";"https://cargo.norwegian.com/services/";"À LIRE (Codex)";"non";"À LIRE (Codex)";"non — aucun tarif n'atteint le Finder aujourd'hui";"aucune ancienne information";"B";"chercher une page officielle actuelle (Codex) ; sinon inconnue nommée"
"airline_pegasus";"Pegasus Airlines";"cabin";"confirmation_required (legacy_unreviewed)";"éditorial « Allowed » — 8 kg total (pet + carrier), waterproof carrier up to 32 × 32 × 50 cm. At least 3 months old. No seats in emergency exit rows, XL seats or th";"https://www.flypgs.com";"À LIRE (Codex)";"non";"À LIRE (Codex)";"non — aucun tarif n'atteint le Finder aujourd'hui";"ancienne information présente, non raccordée (piste)";"C";"lire la page officielle actuelle (Codex) : citation, locator, langue, date → import"
"airline_pegasus";"Pegasus Airlines";"hold";"confirmation_required (legacy_unreviewed)";"éditorial « Domestic Turkey and North Cyprus only » — Cats and dogs only, no birds. Two price tiers, 8–15 kg and over 15 kg. Sturdy, securely locked crate that lets the pet lie down and turn aro";"https://www.flypgs.com";"À LIRE (Codex)";"non";"À LIRE (Codex)";"non — aucun tarif n'atteint le Finder aujourd'hui";"ancienne information présente, non raccordée (piste)";"B";"lire la page officielle actuelle (Codex) : citation, locator, langue, date → import"
"airline_pegasus";"Pegasus Airlines";"cargo";"confirmation_required (legacy_unreviewed)";"éditorial « Not published » — No dedicated cargo/unaccompanied-pet-shipment page exists on flypgs.com — only the accompanied cabin/hold products described above.";"https://www.flypgs.com";"À LIRE (Codex)";"non";"À LIRE (Codex)";"non — aucun tarif n'atteint le Finder aujourd'hui";"ancienne information présente, non raccordée (piste)";"C";"lire la page officielle actuelle (Codex) : citation, locator, langue, date → import"
"airline_philippine";"Philippine Airlines";"cabin";"accepted_with_conditions";"éditorial « Domestic dogs » — FurPAL: small dogs only (no cats) ≤ 10 kg incl. carrier under the seat, on PAL domestic flights only. Min 12 weeks, in a diaper.";"https://www.philippineairlines.com/ph/en/inflight-experience/furpal.html";"« The FurPAL Program is available on all PAL DOMESTIC flights. » (FurPAL → Covered Routes, en, lu le 2026-09-09)";"oui";"hérité (inventaire, non prouvé) : fareList : Cabin (FurPAL, ≤ 10 kg, domestic): ₱2,500 / way";"non — aucun tarif n'atteint le Finder aujourd'hui";"décision du Finder déjà correcte (citée)";"A";"tarif hérité présent, masqué : contre-vérifier sur la page officielle (Codex), puis raccorder"
"airline_philippine";"Philippine Airlines";"hold";"confirmation_required (legacy_unreviewed)";"éditorial « Allowed » — Dogs & cats as checked baggage in a hard container; contact PAL ≥ 48 h ahead. Up to 32 kg (intl) / 50 kg (domestic). Accepted case by case. | brachycéphales refusés (hérité)";"https://www.philippineairlines.com/";"À LIRE (Codex)";"non";"hérité (inventaire, non prouvé) : fareList : Hold — domestic (by weight): ₱1,000–10,000 | fareList : Hold — international: $160–320";"non — aucun tarif n'atteint le Finder aujourd'hui";"ancienne information présente, non raccordée (piste)";"C";"lire la page officielle actuelle (Codex) : citation, locator, langue, date → import"
"airline_philippine";"Philippine Airlines";"cargo";"accepted_with_conditions";"éditorial « Via cargo » — Larger dogs and brachy breeds via PAL Cargo Live Animals (BAI quarantine permit + vet certificate).";"https://www.philippineairlines.com/ph/en/inflight-experience/furpal.html";"« Transportation of Larger dogs and other live animals not eligible for in-cabin travel under this program, shall be via Cargo ONLY, in accordance with AVIH (Animal Vivant in Hold) standards. » (FurPAL → Pet Eligibility, en, lu le 2026-09-09)";"oui";"À LIRE (Codex)";"non — aucun tarif n'atteint le Finder aujourd'hui";"décision du Finder déjà correcte (citée)";"A";"relire la page pour un tarif officiel (Codex)"
"airline_qantas";"Qantas";"cabin";"denied";"éditorial « Not allowed » — No pets in the cabin — only accredited guide, hearing & assistance (service) dogs.";"https://www.qantas.com/content/dam/qantas/pdfs/fly/specific-needs/qantas-disability-access-facilitation-plan.pdf";"« Qantas does not carry any animals in the aircraft cabin, other than approved Service Dogs or Service Dogs under training. » (Qantas Disability Access Facilitation Plan (July 2025) → 8.12 Other Animals, en, lu le 2026-09-09)";"oui";"hérité (inventaire, non prouvé) : fareList : Cabin: Service dogs only";"non — aucun tarif n'atteint le Finder aujourd'hui";"décision du Finder déjà correcte (citée)";"A";"tarif hérité présent, masqué : contre-vérifier sur la page officielle (Codex), puis raccorder"
"airline_qantas";"Qantas";"hold";"accepted_with_conditions";"—";"https://www.qantas.com/en-au/book/flights/conditions-of-carriage";"« Some airports will require that your pet travels as freight and some will allow carriage in the hold as Checked Baggage; if we agree that your pet may be carried in the aircraft hold as Checked Baggage, you must provide proper crating and food for your pet. » (Conditions of Carriage → 8.8 Pet animals, en, lu le 2026-09-09)";"oui";"À LIRE (Codex)";"non — aucun tarif n'atteint le Finder aujourd'hui";"décision du Finder déjà correcte (citée)";"A";"relire la page pour un tarif officiel (Codex)"
"airline_qantas";"Qantas";"cargo";"accepted_with_conditions";"éditorial « Via freight » — All pets travel in a temperature- and noise-controlled hold area, booked as freight (Q-GO Pets). Owner-supplied travel crate; min 12 weeks. ";"https://www.qantas.com/en-au/book/flights/conditions-of-carriage";"« With the exception of service dogs (see 8.9), all bookings for travel by pet animals must be booked directly with Qantas Freight. » (Conditions of Carriage → 8.8 Pet animals, en, lu le 2026-09-09)";"oui";"hérité (inventaire, non prouvé) : fareList : Qantas Freight — domestic: Quote (weight & crate) | fareList : Qantas Freight — international: Via a pet specialist";"non — aucun tarif n'atteint le Finder aujourd'hui";"décision du Finder déjà correcte (citée)";"A";"tarif hérité présent, masqué : contre-vérifier sur la page officielle (Codex), puis raccorder"
"airline_qatar_airways";"Qatar Airways";"cabin";"denied";"éditorial « Not allowed » — Cats & dogs can't fly in the cabin — only falcons (Economy) and service dogs are allowed.";"https://www.qatarairways.com/tradeportal/en/specialservices/Carriage-of-live-animals.html";"« With effect from 11 January 2021, Qatar Airways will only accept service animal (SVAN) on board QR operated flights on regulated routes to assist passengers with a disability, with a maximum of 2 dogs per passenger. » (Carriage of Live Animals → passenger-cabin policy, en, lu le 2026-09-08)";"oui";"À LIRE (Codex)";"non — aucun tarif n'atteint le Finder aujourd'hui";"décision du Finder déjà correcte (citée)";"A";"relire la page pour un tarif officiel (Codex)"
"airline_qatar_airways";"Qatar Airways";"hold";"accepted_with_conditions";"éditorial « Allowed » — Dogs & cats as checked baggage in a dedicated hold section, up to 75 kg including the carrier. | brachycéphales refusés (hérité)";"https://www.qatarairways.com/en-au/baggage/animals.html";"« We accept domesticated dogs, cats and birds as checked baggage. » (Eligibility, en, lu le 2026-09-08)";"oui";"À LIRE (Codex)";"non — aucun tarif n'atteint le Finder aujourd'hui";"décision du Finder déjà correcte (citée)";"A";"relire la page pour un tarif officiel (Codex)"
"airline_qatar_airways";"Qatar Airways";"cargo";"confirmation_required (legacy_unreviewed)";"éditorial « On request » — Required over 75 kg, for restricted breeds, other-airline connections, and Australia/New Zealand.";"https://www.qatarairways.com/";"À LIRE (Codex)";"non";"À LIRE (Codex)";"non — aucun tarif n'atteint le Finder aujourd'hui";"ancienne information présente, non raccordée (piste)";"C";"lire la page officielle actuelle (Codex) : citation, locator, langue, date → import"
"airline_royal_air_maroc";"Royal Air Maroc";"cabin";"confirmation_required (legacy_unreviewed)";"éditorial « Allowed » — Dogs, cats & birds ≤ 8 kg incl. carrier in a rigid ventilated container (max 55 × 40 × 20 cm); declare > 48 h ahead. Not to the UAE.";"https://www.royalairmaroc.com";"À LIRE (Codex)";"non";"hérité (inventaire, non prouvé) : fareList : Cabin — domestic: 290 MAD | fareList : Cabin — Europe / Maghreb: 640 MAD / €70 | fareList : Cabin — long-haul: €120 / $120";"non — aucun tarif n'atteint le Finder aujourd'hui";"ancienne information présente, non raccordée (piste)";"C";"lire la page officielle actuelle (Codex) : citation, locator, langue, date → import"
"airline_royal_air_maroc";"Royal Air Maroc";"hold";"confirmation_required (legacy_unreviewed)";"éditorial « Allowed » — Pets under 70 kg in a robust, watertight, ventilated crate (no straw); declare at booking.";"https://www.royalairmaroc.com";"À LIRE (Codex)";"non";"hérité (inventaire, non prouvé) : fareList : Hold (≤ 23 → 70 kg): €60–520";"non — aucun tarif n'atteint le Finder aujourd'hui";"ancienne information présente, non raccordée (piste)";"B";"lire la page officielle actuelle (Codex) : citation, locator, langue, date → import"
"airline_royal_air_maroc";"Royal Air Maroc";"cargo";"confirmation_required (legacy_unreviewed)";"éditorial « On request » — Animals over 70 kg travel as freight.";"https://www.royalairmaroc.com";"À LIRE (Codex)";"non";"À LIRE (Codex)";"non — aucun tarif n'atteint le Finder aujourd'hui";"ancienne information présente, non raccordée (piste)";"C";"lire la page officielle actuelle (Codex) : citation, locator, langue, date → import"
"airline_royal_jordanian";"Royal Jordanian";"cabin";"accepted_with_conditions";"éditorial « Under conditions » — 7 kg (15 lb) crate included, 50 × 40 × 26 cm, Economy class only, flights of 5 h maximum, two animals per flight (one forward, one aft). Boo";"https://www.rj.com/en/info-and-tips/special-services/flying-with-pets";"« The carriage of pets (Cats and Dogs) in passenger cabin is only permitted in Economy Class Cabins and is subject to the following conditions: » (Flying with Pets → carriage of pets in passenger cabin, en, lu le 2026-09-09)";"oui";"hérité (inventaire, non prouvé) : fareList : Cabin — Middle East: USD 85 | fareList : Cabin — Europe 1 (Athens, Istanbul, Larnaca): USD 100 | fareList : Cabin — Europe 2: USD 180–185";"non — aucun tarif n'atteint le Finder aujourd'hui";"décision du Finder déjà correcte (citée)";"A";"tarif hérité présent, masqué : contre-vérifier sur la page officielle (Codex), puis raccorder"
"airline_royal_jordanian";"Royal Jordanian";"hold";"accepted_with_conditions";"éditorial « Allowed » — Dogs and cats, four crates maximum per aircraft, booked 48 h ahead. Three published sizes — up to 32 kg / 203 cm, 32–45 kg under 203 cm, and";"https://www.rj.com/en/info-and-tips/special-services/flying-with-pets";"« Pets such as dogs, cats accompanying a passenger on the same flight may be accepted as checked baggage. » (Flying with Pets → Pets Checked as Baggage, en, lu le 2026-09-09)";"oui";"hérité (inventaire, non prouvé) : fareList : Hold — within the Middle East (small crate): USD 175 | fareList : Hold — Europe (small crate): USD 300 | fareList : Hold — United States (small crate): USD 400 | fareList : Hold — large crate: up to USD 800";"non — aucun tarif n'atteint le Finder aujourd'hui";"décision du Finder déjà correcte (citée)";"A";"tarif hérité présent, masqué : contre-vérifier sur la page officielle (Codex), puis raccorder"
"airline_royal_jordanian";"Royal Jordanian";"cargo";"confirmation_required (legacy_unreviewed)";"éditorial « Not published » — Royal Jordanian publishes no cargo policy for animals — no conditions, no crate limits, no rates. Ask the cargo department directly for an u";"https://www.rj.com";"À LIRE (Codex)";"non";"À LIRE (Codex)";"non — aucun tarif n'atteint le Finder aujourd'hui";"ancienne information présente, non raccordée (piste)";"C";"lire la page officielle actuelle (Codex) : citation, locator, langue, date → import"
"airline_ryanair";"Ryanair";"cabin";"denied";"éditorial « No pets » — No pets in the cabin — only certified guide/assistance dogs. Emotional-support dogs aren't recognised.";"https://help.ryanair.com/hc/en-us/articles/12890968181521-Does-Ryanair-carry-animals";"« We do not carry animals on board any Ryanair flights, except guide/assistance dogs on certain routes. » (Does Ryanair carry animals?, en, lu le 2026-09-08)";"oui";"hérité (inventaire, non prouvé) : fareList : Pets (cabin / hold / cargo): Not carried";"non — aucun tarif n'atteint le Finder aujourd'hui";"décision du Finder déjà correcte (citée)";"A";"tarif hérité présent, masqué : contre-vérifier sur la page officielle (Codex), puis raccorder"
"airline_ryanair";"Ryanair";"hold";"denied";"éditorial « Not carried » — Ryanair doesn't carry animals in the hold.";"https://help.ryanair.com/hc/en-us/articles/12890968181521-Does-Ryanair-carry-animals";"« We do not carry animals on board any Ryanair flights, except guide/assistance dogs on certain routes. » (Does Ryanair carry animals?, en, lu le 2026-09-08)";"oui";"hérité (inventaire, non prouvé) : fareList : Pets (cabin / hold / cargo): Not carried";"non — aucun tarif n'atteint le Finder aujourd'hui";"décision du Finder déjà correcte (citée)";"A";"tarif hérité présent, masqué : contre-vérifier sur la page officielle (Codex), puis raccorder"
"airline_ryanair";"Ryanair";"cargo";"denied";"éditorial « Not offered » — No pet cargo or animal freight service.";"https://oat.ryanair.com/hr/en/useful-info/help-centre/terms-and-conditions";"« We do not carry cargo on our flights. » (General Terms & Conditions of Carriage → 8.8 Animals, cargo and human ashes → 8.8.2, en, lu le 2026-09-08)";"oui";"hérité (inventaire, non prouvé) : fareList : Pets (cabin / hold / cargo): Not carried";"non — aucun tarif n'atteint le Finder aujourd'hui";"décision du Finder déjà correcte (citée)";"A";"tarif hérité présent, masqué : contre-vérifier sur la page officielle (Codex), puis raccorder"
"airline_sas";"SAS Scandinavian";"cabin";"accepted_with_conditions";"éditorial « Allowed » — Small dog or cat (8 weeks+) ≤ 8 kg incl. carrier in a soft carrier under the seat (max 40 × 25 × 23 cm); up to 2 per carrier. Not in Busines | plafond hérité 8 kg (chien + contenant)";"https://www.flysas.com/en/travel-info/travel-with-pets/cabin";"« Max weight: 8 kg (including pet). » (Pet in cabin → Pet carrier requirements, en, lu le 2026-09-08)";"oui";"hérité (inventaire, non prouvé) : fareList : Cabin (domestic → China): €55–149";"non — aucun tarif n'atteint le Finder aujourd'hui";"décision du Finder déjà correcte (citée)";"A";"tarif hérité présent, masqué : contre-vérifier sur la page officielle (Codex), puis raccorder"
"airline_sas";"SAS Scandinavian";"hold";"confirmation_required (legacy_unreviewed)";"éditorial « Allowed » — Dogs & cats only (≤ 50 kg incl. container) in a travel crate; two similar pets (≤ 14 kg each) may share, except to the US. | brachycéphales refusés (hérité)";"https://www.flysas.com";"À LIRE (Codex)";"non";"hérité (inventaire, non prouvé) : fareList : Hold (domestic → China): €90–725";"non — aucun tarif n'atteint le Finder aujourd'hui";"ancienne information présente, non raccordée (piste)";"C";"lire la page officielle actuelle (Codex) : citation, locator, langue, date → import"
"airline_sas";"SAS Scandinavian";"cargo";"confirmation_required (legacy_unreviewed)";"éditorial « Via forwarder » — Required to China, the UK and the UAE, or if the pet doesn't meet hold criteria. Via a freight forwarder.";"https://www.flysas.com";"À LIRE (Codex)";"non";"À LIRE (Codex)";"non — aucun tarif n'atteint le Finder aujourd'hui";"ancienne information présente, non raccordée (piste)";"C";"lire la page officielle actuelle (Codex) : citation, locator, langue, date → import"
"airline_saudia";"Saudia";"cabin";"denied";"éditorial « Cats only » — Cats & small birds in the cabin (≤ 5 kg incl. container, max 52.5 × 32.5 × 40 cm); falcons hooded with a handler. Dogs aren't allowed in the";"https://booking-uat.dcloud.saudia.com/book/flight-information/travelling-with-pets";"« Dogs must be transported in the cargo hold (holds are equipped with ventilation systems). » (Travelling with Pets & Animals → Regulations, en, lu le 2026-09-09)";"oui";"hérité (inventaire, non prouvé) : fareList : Cabin — cats (≤ 5 kg): $100";"non — aucun tarif n'atteint le Finder aujourd'hui";"décision du Finder déjà correcte (citée)";"A";"tarif hérité présent, masqué : contre-vérifier sur la page officielle (Codex), puis raccorder"
"airline_saudia";"Saudia";"hold";"accepted_with_conditions";"éditorial « Allowed » — Dogs must travel in the ventilated hold; cats & birds may too. Service dogs are carried free in the hold.";"https://booking-uat.dcloud.saudia.com/book/flight-information/travelling-with-pets";"« Dogs must be transported in the cargo hold (holds are equipped with ventilation systems). » (Travelling with Pets & Animals → Regulations, en, lu le 2026-09-09)";"oui";"hérité (inventaire, non prouvé) : fareList : Hold — dogs / cats: $300";"non — aucun tarif n'atteint le Finder aujourd'hui";"décision du Finder déjà correcte (citée)";"A";"tarif hérité présent, masqué : contre-vérifier sur la page officielle (Codex), puis raccorder"
"airline_saudia";"Saudia";"cargo";"confirmation_required (legacy_unreviewed)";"éditorial « Via cargo » — Large or wild animals are cargo-only, and dogs to the USA are accepted only via Saudia Cargo.";"https://www.saudia.com";"À LIRE (Codex)";"non";"hérité (inventaire, non prouvé) : fareList : Cargo (large / US dogs): Quote";"non — aucun tarif n'atteint le Finder aujourd'hui";"ancienne information présente, non raccordée (piste)";"C";"lire la page officielle actuelle (Codex) : citation, locator, langue, date → import"
"airline_singapore_airlines";"Singapore Airlines";"cabin";"confirmation_required (legacy_unreviewed)";"éditorial « Not allowed » — No pets in the cabin — only trained assistance dogs. Cats & dogs travel in the hold.";"https://www.singaporeair.com/";"À LIRE (Codex)";"non";"À LIRE (Codex)";"non — aucun tarif n'atteint le Finder aujourd'hui";"ancienne information présente, non raccordée (piste)";"B";"lire la page officielle actuelle (Codex) : citation, locator, langue, date → import"
"airline_singapore_airlines";"Singapore Airlines";"hold";"confirmation_required (legacy_unreviewed)";"éditorial « Allowed » — Cats & dogs (min. 3 months) as checked baggage in a temperature-controlled hold; combined ≤ 32 kg. Not on Boeing 737 or SQ21/23. | brachycéphales refusés (hérité)";"https://www.singaporeair.com/";"À LIRE (Codex)";"non";"hérité (inventaire, non prouvé) : fareList : Hold (≤ 32 kg): Excess-baggage rate";"non — aucun tarif n'atteint le Finder aujourd'hui";"ancienne information présente, non raccordée (piste)";"C";"lire la page officielle actuelle (Codex) : citation, locator, langue, date → import"
"airline_singapore_airlines";"Singapore Airlines";"cargo";"confirmation_required (legacy_unreviewed)";"éditorial « On request » — Over 32 kg combined, arrange transport via a cargo agent.";"https://www.singaporeair.com/";"À LIRE (Codex)";"non";"hérité (inventaire, non prouvé) : fareList : Cargo (> 32 kg): Quote";"non — aucun tarif n'atteint le Finder aujourd'hui";"ancienne information présente, non raccordée (piste)";"C";"lire la page officielle actuelle (Codex) : citation, locator, langue, date → import"
"airline_sky_express";"Sky Express";"cabin";"accepted_with_conditions";"éditorial « Allowed » — Up to 8 kg (pet + carrier), soft-sided carrier preferred, 55 × 40 × 20 cm, stays under the seat. One pet per passenger, at least 12 weeks ol";"https://www.skyexpress.gr/en/sky-experience/sky-pets";"« Dogs and cats weighing up to 8 kg » (Carriage of animals in the cabin (up to 8kg), en, lu le 2026-09-09)";"oui";"À LIRE (Codex)";"non — aucun tarif n'atteint le Finder aujourd'hui";"décision du Finder déjà correcte (citée)";"A";"relire la page pour un tarif officiel (Codex)"
"airline_sky_express";"Sky Express";"hold";"accepted_with_conditions";"éditorial « Allowed on ATR aircraft only » — For animals over 8 kg, up to 25 kg (pet + crate). Rigid crate 70 × 50 × 51.5 cm, wheels removed, absorbent bedding on the floor. Offered on ";"https://www.skyexpress.gr/en/sky-experience/sky-pets";"« Dogs and cats weighing more than 8 kilograms » (Transporting animals in the aircraft hold (weight more than 8kg), en, lu le 2026-09-09)";"oui";"À LIRE (Codex)";"non — aucun tarif n'atteint le Finder aujourd'hui";"décision du Finder déjà correcte (citée)";"A";"relire la page pour un tarif officiel (Codex)"
"airline_sky_express";"Sky Express";"cargo";"confirmation_required (legacy_unreviewed)";"éditorial « Not published » — No dedicated unaccompanied-cargo pet service is described anywhere on the official site — only accompanied cabin/hold travel exists as a doc";"https://www.skyexpress.gr";"À LIRE (Codex)";"non";"À LIRE (Codex)";"non — aucun tarif n'atteint le Finder aujourd'hui";"ancienne information présente, non raccordée (piste)";"C";"lire la page officielle actuelle (Codex) : citation, locator, langue, date → import"
"airline_smartwings";"Smartwings";"cabin";"accepted_with_conditions";"éditorial « Allowed » — Cats & dogs ≤ 8 kg incl. crate in a waterproof-bottomed crate under the seat (max 43 × 30 × 27 cm); max 2 dogs per flight.";"https://www.smartwings.com/en/fees-and-charges/?layout=default";"« Pet in cabin (1 piece up to 8 kg / leg) » (Fees and charges → Price list of additional services → PETC, en, lu le 2026-09-09)";"oui";"hérité (inventaire, non prouvé) : fareList : Cabin (≤ 8 kg): €100 / way";"non — aucun tarif n'atteint le Finder aujourd'hui";"décision du Finder déjà correcte (citée)";"A";"tarif hérité présent, masqué : contre-vérifier sur la page officielle (Codex), puis raccorder"
"airline_smartwings";"Smartwings";"hold";"accepted_with_conditions";"éditorial « Allowed » — Animals over cabin limits (8–32 kg incl. box) as checked baggage if the aircraft allows.";"https://www.smartwings.com/en/fees-and-charges/?layout=default";"« Animal in hold (1 piece up to 32 kg / leg) » (Fees and charges → Price list of additional services → AVIH, en, lu le 2026-09-09)";"oui";"hérité (inventaire, non prouvé) : fareList : Hold (8–32 kg): €200 / way";"non — aucun tarif n'atteint le Finder aujourd'hui";"décision du Finder déjà correcte (citée)";"A";"tarif hérité présent, masqué : contre-vérifier sur la page officielle (Codex), puis raccorder"
"airline_smartwings";"Smartwings";"cargo";"aucune politique";"—";"https://www.smartwings.com/";"À LIRE (Codex)";"non";"À LIRE (Codex)";"non — aucun tarif n'atteint le Finder aujourd'hui";"aucune ancienne information";"D";"chercher une page officielle actuelle (Codex) ; sinon inconnue nommée"
"airline_south_african_airways";"South African Airways";"cabin";"denied";"éditorial « Forbidden » — No pet travels in the SAA cabin, on any route, at any size. Only guide dogs are accepted, free of charge.";"https://www.flysaa.com/manage-fly/baggage/checked-baggage/animals";"« No pets permitted in Cabin. » (Travelling with Animals → PETC – Animals Accompanying Passengers Onboard the Aircraft, en, lu le 2026-09-09)";"oui";"hérité (inventaire, non prouvé) : fareList : Cabin: Not allowed";"non — aucun tarif n'atteint le Finder aujourd'hui";"décision du Finder déjà correcte (citée)";"A";"tarif hérité présent, masqué : contre-vérifier sur la page officielle (Codex), puis raccorder"
"airline_south_african_airways";"South African Airways";"hold";"accepted_with_conditions";"éditorial « SA domestic only » — South African domestic flights only. Crate no bigger than 1 m × 1 m, animal and crate together up to 23 kg, check-in 90 minutes before depar";"https://www.flysaa.com/manage-fly/baggage/checked-baggage/special-baggage";"« Depending on the individual circumstances, pets must be carried either as cargo, or as checked baggage in the hold. » (Special Baggage → Travelling with Pets, en, lu le 2026-09-09)";"oui";"hérité (inventaire, non prouvé) : fareList : Hold — SA domestic: ZAR 300 incl. VAT (see note)";"non — aucun tarif n'atteint le Finder aujourd'hui";"décision du Finder déjà correcte (citée)";"A";"tarif hérité présent, masqué : contre-vérifier sur la page officielle (Codex), puis raccorder"
"airline_south_african_airways";"South African Airways";"cargo";"accepted_with_conditions";"éditorial « Compulsory abroad » — Every international journey goes through cargo, under an air waybill — including when Johannesburg is only a transit point on your itinerary";"https://www.flysaa.com/manage-fly/baggage/checked-baggage/animals";"« All animals (Pets) and animal products are not allowed via the security check point & must be transported as manifested cargo under an Air Waybill, also in case of transit if transhipment is involved. » (Travelling with Animals → International Travel to & from South Africa, en, lu le 2026-09-09)";"oui";"À LIRE (Codex)";"non — aucun tarif n'atteint le Finder aujourd'hui";"décision du Finder déjà correcte (citée)";"A";"relire la page pour un tarif officiel (Codex)"
"airline_sunexpress";"SunExpress";"cabin";"accepted_with_conditions";"éditorial « Allowed » — 8 kg (pet + carrier), ventilated waterproof carrier up to 55 × 40 × 23 cm. No emergency-exit seats. Book by phone via the service centre at  | plafond hérité 8 kg (chien + contenant)";"https://www.sunexpress.com/en-gb/information/luggage-info/transporting-animals/";"« one dog or cat weighing up to 8 kg (incl. container) » (Transporting animals → Carriage of animals inside cabin, en, lu le 2026-09-09)";"oui";"À LIRE (Codex)";"non — aucun tarif n'atteint le Finder aujourd'hui";"décision du Finder déjà correcte (citée)";"A";"relire la page pour un tarif officiel (Codex)"
"airline_sunexpress";"SunExpress";"hold";"accepted_with_conditions";"éditorial « Allowed, terms underspecified » — Priced for animals over 8 kg, but the site never states an upper weight ceiling for hold travel, and never explicitly says ""pets over 8 kg m";"https://www.sunexpress.com/en-gb/information/luggage-info/transporting-animals/";"« Dogs and cats weighing more than 8 kg » (Transporting animals → Travelling in the animal compartment, en, lu le 2026-09-09)";"oui";"À LIRE (Codex)";"non — aucun tarif n'atteint le Finder aujourd'hui";"décision du Finder déjà correcte (citée)";"A";"relire la page pour un tarif officiel (Codex)"
"airline_sunexpress";"SunExpress";"cargo";"confirmation_required (legacy_unreviewed)";"éditorial « Via Lufthansa Cargo / Turkish Cargo » — A separate SunExpress Cargo department accepts live animals internationally ""only if veterinary facilities are available at both the departu";"https://www.sunexpress.com";"À LIRE (Codex)";"non";"À LIRE (Codex)";"non — aucun tarif n'atteint le Finder aujourd'hui";"ancienne information présente, non raccordée (piste)";"C";"lire la page officielle actuelle (Codex) : citation, locator, langue, date → import"
"airline_swiss";"SWISS";"cabin";"accepted_with_conditions";"éditorial « Allowed » — Dogs & cats ≤ 8 kg incl. carrier in a soft bag under the seat (max 55 × 40 × 23 cm); max 2, min 12 weeks. Signed cabin form required. | plafond hérité 8 kg (chien + contenant)";"https://www.swiss.com/xx/en/prepare/special-care/animals-travelling";"« Dogs and cats weighing up to 8 kg (weight including travel carrier) » (Travelling with animals → The following animals can travel in the cabin, en, lu le 2026-09-09)";"oui";"hérité (inventaire, non prouvé) : fareList : Cabin (≤ 8 kg): CHF 75–140";"non — aucun tarif n'atteint le Finder aujourd'hui";"décision du Finder déjà correcte (citée)";"A";"tarif hérité présent, masqué : contre-vérifier sur la page officielle (Codex), puis raccorder"
"airline_swiss";"SWISS";"hold";"accepted_with_conditions";"éditorial « Allowed » — Non-snub-nosed dogs & cats over 8 kg as excess baggage in the air-conditioned hold, travel crate. Stricter ventilation rules from May 2026. | brachycéphales refusés (hérité)";"https://www.swiss.com/xx/en/prepare/special-care/animals-travelling";"« Dogs and cats that do not belong to snub-nosed breeds and weigh more than 8 kg (weight including transport container) or are travelling in a transport container exceeding the permitted size (max. 118 cm; 55 x 40 x 23 cm). » (Travelling with animals → The following animals travel in the hold, en, lu le 2026-09-09)";"oui";"hérité (inventaire, non prouvé) : fareList : Hold (by zone & crate size): CHF 115–440";"non — aucun tarif n'atteint le Finder aujourd'hui";"décision du Finder déjà correcte (citée)";"A";"tarif hérité présent, masqué : contre-vérifier sur la page officielle (Codex), puis raccorder"
"airline_swiss";"SWISS";"cargo";"confirmation_required (legacy_unreviewed)";"éditorial « Via cargo » — Unaccompanied animals or countries requiring cargo (UK, Ireland, UAE, Hong Kong, South Africa). Zurich Animal Care Center.";"https://www.swiss.com";"À LIRE (Codex)";"non";"À LIRE (Codex)";"non — aucun tarif n'atteint le Finder aujourd'hui";"ancienne information présente, non raccordée (piste)";"B";"lire la page officielle actuelle (Codex) : citation, locator, langue, date → import"
"airline_tap";"TAP Air Portugal";"cabin";"accepted_with_conditions";"éditorial « Allowed » — Dogs & cats only (min 10 weeks) ≤ 8 kg incl. carrier in a soft carrier under the seat (max 45 × 30 × 23 cm); 1 carrier per passenger. Not in | plafond hérité 8 kg (chien + contenant)";"https://www.flytap.com/en-gb/information/traveling-with-animals/pets";"« Maximum total weight: 8 kg / 17 lbs (pets + carrier). » (Transporting pets in the cabin → Weight and size, en, lu le 2026-09-08)";"oui";"hérité (inventaire, non prouvé) : fareList : Cabin (domestic → intercontinental): €40–170";"non — aucun tarif n'atteint le Finder aujourd'hui";"décision du Finder déjà correcte (citée)";"A";"tarif hérité présent, masqué : contre-vérifier sur la page officielle (Codex), puis raccorder"
"airline_tap";"TAP Air Portugal";"hold";"accepted_with_conditions";"éditorial « Allowed » — Dogs & cats in a hard carrier; up to 32 kg (to US/Hungary/France/Netherlands) or 45 kg elsewhere. Snub-nosed breeds barred. | brachycéphales refusés (hérité)";"https://www.flytap.com/en-gb/information/traveling-with-animals/pets";"« Up to 32 kg / 70 lbs on flights to, from, or with a stopover in the US, Hungary, France and the Netherlands. » (Aircraft hold → Maximum total weight, en, lu le 2026-09-08)";"oui";"hérité (inventaire, non prouvé) : fareList : Hold — up to 32 kg: €78–250 | fareList : Hold — 32–45 kg: €128–320";"non — aucun tarif n'atteint le Finder aujourd'hui";"décision du Finder déjà correcte (citée)";"A";"tarif hérité présent, masqué : contre-vérifier sur la page officielle (Codex), puis raccorder"
"airline_tap";"TAP Air Portugal";"cargo";"confirmation_required (legacy_unreviewed)";"éditorial « Via cargo » — Other species, over hold limits, and always on Lisbon–Luanda.";"https://www.flytap.com/";"À LIRE (Codex)";"non";"À LIRE (Codex)";"non — aucun tarif n'atteint le Finder aujourd'hui";"ancienne information présente, non raccordée (piste)";"C";"lire la page officielle actuelle (Codex) : citation, locator, langue, date → import"
"airline_tarom";"TAROM";"cabin";"accepted_with_conditions";"éditorial « Allowed » — 8 kg cage included, 42 × 26 × 20 cm. Rigid cage or soft bag — but on ATR aircraft only soft bags are accepted. One cage per passenger; sever | plafond hérité 8 kg (chien + contenant)";"https://www.tarom.ro/en/informatii-pasageri/despre-calatorie/calatoria-cu-animale-de-companie/la-bordul-avionului/";"« TAROM accepts only cats and dogs in the passenger cabin, weighing up to 8 kilos (including the weight of the standard transportation cage). » (In the cabin → opening paragraph, en, lu le 2026-09-09)";"oui";"À LIRE (Codex)";"non — aucun tarif n'atteint le Finder aujourd'hui";"décision du Finder déjà correcte (citée)";"A";"relire la page pour un tarif officiel (Codex)"
"airline_tarom";"TAROM";"hold";"accepted_with_conditions";"éditorial « Not on the A320 » — Above 8 kg and up to 75 kg cage included, from 12 weeks old. Forbidden on the A320 — a common aircraft on this network. ATR 72 takes one cra | brachycéphales refusés (hérité)";"https://www.tarom.ro/en/travelling-with-pets/in-aircraft-hold";"« Dogs and cats weighing more than 8kg can be transported safely in the hold » (In the hold → opening paragraph, en, lu le 2026-09-09)";"oui";"À LIRE (Codex)";"non — aucun tarif n'atteint le Finder aujourd'hui";"décision du Finder déjà correcte (citée)";"A";"relire la page pour un tarif officiel (Codex)"
"airline_tarom";"TAROM";"cargo";"accepted_with_conditions";"éditorial « Compulsory in three cases » — Cargo is the only route for any species other than dogs and cats, for dogs over 40 kg (crate with a solid wood frame), and once the number o";"https://www.tarom.ro/en/travelling-with-pets/in-aircraft-hold";"« May be accepted only as cargo. » (In the hold → Conditions for Transport → For dogs over 40 kg, en, lu le 2026-09-09)";"oui";"À LIRE (Codex)";"non — aucun tarif n'atteint le Finder aujourd'hui";"décision du Finder déjà correcte (citée)";"A";"relire la page pour un tarif officiel (Codex)"
"airline_thai_airways";"Thai Airways";"cabin";"denied";"éditorial « Not allowed » — Pets are generally not in the cabin — only trained service dogs.";"https://www.thaiairways.com/en-th/content/special-assistance/travel-with-pets/pets-in-cabin/";"« As a general policy, we do not accept pets in the cabin for travel, except for the conditions listed above. » (Pets in Cabin Policy → Pets Other than Service Animals, en, lu le 2026-09-09)";"oui";"À LIRE (Codex)";"non — aucun tarif n'atteint le Finder aujourd'hui";"décision du Finder déjà correcte (citée)";"A";"relire la page pour un tarif officiel (Codex)"
"airline_thai_airways";"Thai Airways";"hold";"accepted_with_conditions";"éditorial « Allowed » — Dogs & cats only as checked baggage (AVIH) on your flight, up to 70 kg incl. container; over 4 months (intl). Not on A320 or several routes. | brachycéphales refusés (hérité)";"https://www.thaiairways.com/en-tw/content/special-assistance/travel-with-pets/pets-as-checked-baggage-avih/";"« accept dog/cat for carriage as checked baggage » (Pets as Checked Baggage (AVIH) → Conditions for Acceptance, en, lu le 2026-09-09)";"oui";"hérité (inventaire, non prouvé) : fareList : Hold — international (≤ 32 kg): $320 | fareList : Hold — international (32–70 kg): $540 | fareList : Hold — domestic (≤ 70 kg): THB 1,500";"non — aucun tarif n'atteint le Finder aujourd'hui";"décision du Finder déjà correcte (citée)";"A";"tarif hérité présent, masqué : contre-vérifier sur la page officielle (Codex), puis raccorder"
"airline_thai_airways";"Thai Airways";"cargo";"accepted_with_conditions";"éditorial « Via cargo » — The 34 embargoed dog breeds and cargo acceptance go via THAI Cargo.";"https://www.thaicargo.com/en/product-view/1/live-animals---pets";"« The acceptance of live - animal consignments is subject to the conditions described in the IATA's Live Animals Regulations and to TG's Regulations » (Live Animals & Pets → opening paragraph, en, lu le 2026-09-09)";"oui";"À LIRE (Codex)";"non — aucun tarif n'atteint le Finder aujourd'hui";"décision du Finder déjà correcte (citée)";"A";"relire la page pour un tarif officiel (Codex)"
"airline_transavia";"Transavia";"cabin";"accepted_with_conditions";"éditorial « Allowed » — Dogs & cats (min 15 weeks) ≤ 8 kg incl. carrier in a soft, closable carrier under the seat (max 40 × 30 × 24 cm). | plafond hérité 8 kg (chien + contenant)";"https://www.transavia.com/help/en-eu/children-pets-groups/pets-on-board/cabin";"« Maximum weight of the pet, including the carrying bag: 8 kg. » (Weight, en, lu le 2026-09-08)";"oui";"hérité (inventaire, non prouvé) : fareList : Cabin (≤ 8 kg): €50–180";"non — aucun tarif n'atteint le Finder aujourd'hui";"décision du Finder déjà correcte (citée)";"A";"tarif hérité présent, masqué : contre-vérifier sur la page officielle (Codex), puis raccorder"
"airline_transavia";"Transavia";"hold";"accepted_with_conditions";"éditorial « Allowed » — Max 2 pets in a heated, climate- & pressure-controlled hold (pet + kennel ≤ 75 kg), travel crate. Snub-nosed breeds barred. | brachycéphales refusés (hérité)";"https://www.transavia.com/help/en-eu/children-pets-groups/pets-on-board/hold-luggage-pet";"« You may transport your pet in our cargo hold. » (Can my pet travel in the luggage hold?, en, lu le 2026-09-08)";"oui";"hérité (inventaire, non prouvé) : fareList : Hold (≤ 75 kg): €77–100+";"non — aucun tarif n'atteint le Finder aujourd'hui";"décision du Finder déjà correcte (citée)";"A";"tarif hérité présent, masqué : contre-vérifier sur la page officielle (Codex), puis raccorder"
"airline_transavia";"Transavia";"cargo";"aucune politique";"—";"https://www.transavia.com";"À LIRE (Codex)";"non";"À LIRE (Codex)";"non — aucun tarif n'atteint le Finder aujourd'hui";"aucune ancienne information";"D";"chercher une page officielle actuelle (Codex) ; sinon inconnue nommée"
"airline_tui_airways";"TUI Airways";"cabin";"confirmation_required (legacy_unreviewed)";"éditorial « Not allowed » — No pet travels in the passenger cabin, whatever its size — TUI says so in as many words. Only recognised assistance dogs are admitted.";"https://www.tui.co.uk";"À LIRE (Codex)";"non";"hérité (inventaire, non prouvé) : fareList : Cabin: Not available";"non — aucun tarif n'atteint le Finder aujourd'hui";"ancienne information présente, non raccordée (piste)";"C";"lire la page officielle actuelle (Codex) : citation, locator, langue, date → import"
"airline_tui_airways";"TUI Airways";"hold";"confirmation_required (legacy_unreviewed)";"éditorial « Not allowed » — You can't check a pet in with your luggage. The animal does fly in the hold, but never on your passenger ticket — it has to be a cargo booki";"https://www.tui.co.uk";"À LIRE (Codex)";"non";"hérité (inventaire, non prouvé) : fareList : Hold as cargo: Quote from ECS Group";"non — aucun tarif n'atteint le Finder aujourd'hui";"ancienne information présente, non raccordée (piste)";"C";"lire la page officielle actuelle (Codex) : citation, locator, langue, date → import"
"airline_tui_airways";"TUI Airways";"cargo";"confirmation_required (legacy_unreviewed)";"éditorial « Only route » — Everything goes through ECS Group (pets@ecsgroup.aero), a third-party handler. Booking, acceptance and pricing are theirs, not TUI's — which";"https://www.tui.co.uk";"À LIRE (Codex)";"non";"hérité (inventaire, non prouvé) : fareList : Hold as cargo: Quote from ECS Group";"non — aucun tarif n'atteint le Finder aujourd'hui";"ancienne information présente, non raccordée (piste)";"C";"lire la page officielle actuelle (Codex) : citation, locator, langue, date → import"
"airline_tunisair";"Tunisair";"cabin";"accepted_with_conditions";"éditorial « Allowed » — Cats, dogs, hamsters, turtles & small birds in a closed carrier the pet can stand and turn in (birds' cage covered); ≤ 8 kg incl. carrier an | plafond hérité 8 kg (chien + contenant)";"https://www.tunisair.com/fr/conditions-generales-de-transport";"« les chiens d’un poids maximal de 08 kg y compris le contenant et la nourriture » (Conditions générales de transport → 10.2.1 Animaux voyageant en cabine, fr, lu le 2026-09-09)";"oui";"hérité (inventaire, non prouvé) : fareList : Cabin — from Tunisia (zones 1–4): 100–225 TND | fareList : Cabin — to Tunisia (zones 1–4): €50–125";"non — aucun tarif n'atteint le Finder aujourd'hui";"décision du Finder déjà correcte (citée)";"A";"tarif hérité présent, masqué : contre-vérifier sur la page officielle (Codex), puis raccorder"
"airline_tunisair";"Tunisair";"hold";"accepted_with_conditions";"éditorial « Allowed » — Live animals over 8 kg (up to 32 kg) in the hold; pet + crate billed as excess baggage.";"https://www.tunisair.com/fr/conditions-generales-de-transport";"« Animaux voyageant en soute » (Conditions générales de transport → 10.3 Animaux voyageant en soute, fr, lu le 2026-09-09)";"oui";"hérité (inventaire, non prouvé) : fareList : Hold — from Tunisia: 125–275 TND | fareList : Hold — to Tunisia: €75–150 (Libya €400)";"non — aucun tarif n'atteint le Finder aujourd'hui";"décision du Finder déjà correcte (citée)";"A";"tarif hérité présent, masqué : contre-vérifier sur la page officielle (Codex), puis raccorder"
"airline_tunisair";"Tunisair";"cargo";"confirmation_required (legacy_unreviewed)";"éditorial « Via cargo » — Over 32 kg via the Cargo Department.";"https://www.tunisair.com";"À LIRE (Codex)";"non";"À LIRE (Codex)";"non — aucun tarif n'atteint le Finder aujourd'hui";"ancienne information présente, non raccordée (piste)";"C";"lire la page officielle actuelle (Codex) : citation, locator, langue, date → import"
"airline_turkish";"Turkish Airlines";"cabin";"accepted_with_conditions";"éditorial « Allowed » — Cats, dogs & small songbirds in a soft carrier (40 × 30 × 23 cm) under the seat; window seats only. | plafond hérité 8 kg (chien + contenant) | conditions héritées : Soft-sided carrier under the seat; passenger seated by a window; brachycephalic breeds allowed in the cabin.";"https://www.turkishairlines.com/en-ch/any-questions/traveling-with-pets/";"« Pets traveling in the aircraft cabin cannot exceed a total of 8 kg, including their carrier. » (Are there weight or size limits for my pet?, en, lu le 2026-09-08)";"oui";"hérité (inventaire, non prouvé) : fareList : Cabin (≤ 8 kg): Route-based fee";"non — aucun tarif n'atteint le Finder aujourd'hui";"décision du Finder déjà correcte (citée)";"A";"tarif hérité présent, masqué : contre-vérifier sur la page officielle (Codex), puis raccorder"
"airline_turkish";"Turkish Airlines";"hold";"accepted_with_conditions";"éditorial « Allowed » — Larger pets as checked baggage (AVIH) in a hard, ventilated crate, up to 50 kg including the carrier. | plafond hérité 50 kg (chien + contenant) | conditions héritées : Pet plus carrier up to 50 kg in a rigid crate (max 125×75×75 cm); brachycephalic breeds are not accepted in the hold; pe";"https://www.turkishairlines.com/en-ch/any-questions/traveling-with-pets/";"« The total weight of the carrier and the pet together cannot exceed 50 kg. » (Are there weight or size limits for my pet?, en, lu le 2026-09-08)";"oui";"hérité (inventaire, non prouvé) : fareList : Hold (≤ 50 kg): Route-based fee";"non — aucun tarif n'atteint le Finder aujourd'hui";"décision du Finder déjà correcte (citée)";"A";"tarif hérité présent, masqué : contre-vérifier sur la page officielle (Codex), puis raccorder"
"airline_turkish";"Turkish Airlines";"cargo";"confirmation_required (official_source_unquoted)";"éditorial « On request » — For oversize crates (> 75 × 75 × 125 cm) and accepted 'dangerous' breeds. | conditions héritées : Via Turkish Cargo for pets over the hold limits, restricted breeds, or other bird species.";"https://www.turkishairlines.com/en-int/any-questions/traveling-with-pets/all-terms-and-conditions/";"À LIRE (Codex)";"non";"hérité (inventaire, non prouvé) : fareList : Turkish Cargo: Quote";"non — aucun tarif n'atteint le Finder aujourd'hui";"ancienne information présente, non raccordée (piste)";"B";"lire la page officielle actuelle (Codex) : citation, locator, langue, date → import"
"airline_united";"United Airlines";"cabin";"accepted_with_conditions";"éditorial « Allowed » — Cats & dogs only, in a ventilated carrier under the seat; up to 2 (buy 2 seats). No weight limit but must fit the carrier. | conditions héritées : Cats and dogs only; carrier under the seat; up to 2 pets (2 seats), 1 on narrowbody jets. No published weight or breed l";"https://www.united.com/en/us/fly/travel/special-assistance/pets-in-cabin.html";"« We allow one pet per adult or senior in a reservation. » (United booking flow → Pets in cabin, en, lu le 2026-09-09)";"oui";"hérité (inventaire, non prouvé) : fee hérité : $150 each way | fareList : Cabin (small pet): $150 each way";"non — aucun tarif n'atteint le Finder aujourd'hui";"décision du Finder déjà correcte (citée)";"A";"tarif hérité présent, masqué : contre-vérifier sur la page officielle (Codex), puis raccorder"
"airline_united";"United Airlines";"hold";"confirmation_required (official_source_unquoted)";"éditorial « Ended » — United no longer checks pets as baggage. | conditions héritées : Checked pets discontinued; hold/cargo only for certain active-duty military or State Department employees.";"https://www.united.com/en/us/fly/travel/traveling-with-pets.html";"À LIRE (Codex)";"non";"hérité (inventaire, non prouvé) : fareList : Checked baggage: Not offered";"non — aucun tarif n'atteint le Finder aujourd'hui";"ancienne information présente, non raccordée (piste)";"B";"lire la page officielle actuelle (Codex) : citation, locator, langue, date → import"
"airline_united";"United Airlines";"cargo";"confirmation_required (official_source_unquoted)";"éditorial « Military only » — General PetSafe cargo is discontinued — cargo only for US military & State Dept on transfer. | conditions héritées : The general PetSafe cargo service is discontinued; cargo only for certain military/State Department travellers.";"https://www.united.com/en/us/fly/travel/traveling-with-pets.html";"À LIRE (Codex)";"non";"hérité (inventaire, non prouvé) : fareList : PetSafe cargo: Military only";"non — aucun tarif n'atteint le Finder aujourd'hui";"ancienne information présente, non raccordée (piste)";"B";"lire la page officielle actuelle (Codex) : citation, locator, langue, date → import"
"airline_vietnam_airlines";"Vietnam Airlines";"cabin";"accepted_with_conditions";"éditorial « Allowed » — Dogs & cats (10 weeks+) ≤ 6 kg incl. carrier under the seat (max 35 × 30 × 20 cm); max 2 per cabin. No dogs on Vietnam–US flights; no birds.";"https://www.vietnamairlines.com/en/buy-tickets-other-products/special-services/See-more-page/special-meals-popup-1";"« With the pet transport service, passengers can take their pets to cabin or have them transported as checked baggage. » (Special services → Travelling with pets, en, lu le 2026-09-09)";"oui";"hérité (inventaire, non prouvé) : fareList : Cabin (Zones A–D): $300–650";"non — aucun tarif n'atteint le Finder aujourd'hui";"décision du Finder déjà correcte (citée)";"A";"tarif hérité présent, masqué : contre-vérifier sur la page officielle (Codex), puis raccorder"
"airline_vietnam_airlines";"Vietnam Airlines";"hold";"accepted_with_conditions";"éditorial « Allowed » — Dogs, cats & ornamental birds (10 weeks+) as checked baggage up to 32 kg incl. cage; max 3 per passenger. No dogs on Vietnam–US flights.";"https://www.vietnamairlines.com/en/buy-tickets-other-products/special-services/See-more-page/special-meals-popup-1";"« With the pet transport service, passengers can take their pets to cabin or have them transported as checked baggage. » (Special services → Travelling with pets, en, lu le 2026-09-09)";"oui";"hérité (inventaire, non prouvé) : fareList : Hold — ≤ 9 kg: $100–350 | fareList : Hold — 9–32 kg: $150–550 | fareList : Hold — domestic (Vietnam): ₫1–2M";"non — aucun tarif n'atteint le Finder aujourd'hui";"décision du Finder déjà correcte (citée)";"A";"tarif hérité présent, masqué : contre-vérifier sur la page officielle (Codex), puis raccorder"
"airline_vietnam_airlines";"Vietnam Airlines";"cargo";"confirmation_required (legacy_unreviewed)";"éditorial « Via cargo » — Over 32 kg, or routes like the UK, via Vietnam Airlines Cargo Live Animals.";"https://www.vietnamairlines.com";"À LIRE (Codex)";"non";"À LIRE (Codex)";"non — aucun tarif n'atteint le Finder aujourd'hui";"ancienne information présente, non raccordée (piste)";"C";"lire la page officielle actuelle (Codex) : citation, locator, langue, date → import"
"airline_virgin_atlantic";"Virgin Atlantic";"cabin";"confirmation_required (legacy_unreviewed)";"éditorial « Not allowed » — No pets in the cabin — only recognised assistance dogs.";"https://www.virginatlantic.com/";"À LIRE (Codex)";"non";"hérité (inventaire, non prouvé) : fareList : Cabin / hold: Not carried | fareList : Assistance dog (cabin): Free";"non — aucun tarif n'atteint le Finder aujourd'hui";"ancienne information présente, non raccordée (piste)";"B";"lire la page officielle actuelle (Codex) : citation, locator, langue, date → import"
"airline_virgin_atlantic";"Virgin Atlantic";"hold";"confirmation_required (legacy_unreviewed)";"éditorial « Not allowed » — Pets aren't accepted as passenger checked baggage.";"https://www.virginatlantic.com/";"À LIRE (Codex)";"non";"hérité (inventaire, non prouvé) : fareList : Cabin / hold: Not carried";"non — aucun tarif n'atteint le Finder aujourd'hui";"ancienne information présente, non raccordée (piste)";"B";"lire la page officielle actuelle (Codex) : citation, locator, langue, date → import"
"airline_virgin_atlantic";"Virgin Atlantic";"cargo";"confirmation_required (legacy_unreviewed)";"éditorial « Via agent » — Cats & dogs only, point-to-point, min 10 weeks, kennel. Book ≥ 7 days ahead via the Cargo dept or an IATA pet agent.";"https://www.virginatlantic.com/";"À LIRE (Codex)";"non";"hérité (inventaire, non prouvé) : fareList : Cargo (via pet agent): Quote";"non — aucun tarif n'atteint le Finder aujourd'hui";"ancienne information présente, non raccordée (piste)";"C";"lire la page officielle actuelle (Codex) : citation, locator, langue, date → import"
"airline_virgin_australia";"Virgin Australia";"cabin";"confirmation_required (airline_approval)";"éditorial « Trial » — Small dogs & cats ≤ 8 kg (pet + carrier) in a soft carrier under the seat (max 44 × 26 × 28 cm); one per guest. Trial on Melbourne, Gold Coa | plafond hérité 8 kg (chien + contenant) | conditions héritées : Small dog or cat only; combined weight of pet and carrier no more than 8 kg; domestic flights on eligible routes and dat";"https://www.virginaustralia.com/au/en/travel-info/specific-travel/pets/pets-in-cabin/";"« Be a small cat or dog, with a combined weight (pet + carrier) of no more than 8kg » (section « Pet requirements », en-AU, lu le 2026-08-28)";"oui";"hérité (inventaire, non prouvé) : fareList : Cabin (trial, ≤ 8 kg): A$149";"non — aucun tarif n'atteint le Finder aujourd'hui";"décision du Finder déjà correcte (citée)";"A";"tarif hérité présent, masqué : contre-vérifier sur la page officielle (Codex), puis raccorder"
"airline_virgin_australia";"Virgin Australia";"hold";"confirmation_required (legacy_unreviewed)";"—";"https://www.virginaustralia.com/us/en/travel-info/flying-with-us/cargo/pet-transport/";"À LIRE (Codex)";"non";"hérité (inventaire, non prouvé) : fareList : Cargo (hold, ≤ 65 kg): Quote";"non — aucun tarif n'atteint le Finder aujourd'hui";"aucune ancienne information";"B";"chercher une page officielle actuelle (Codex) ; sinon inconnue nommée"
"airline_virgin_australia";"Virgin Australia";"cargo";"accepted_with_conditions";"éditorial « Via cargo » — Pets not eligible for the cabin may possibly be transported in the cargo hold (pet + container ≤ 65 kg) via Virgin Australia Cargo, subject ";"https://www.virginaustralia.com/au/en/travel-info/specific-travel/pets/";"« We’re ready to take good care of your animal in the cargo hold. » (Pet travel → choose your pet travel experience, en, lu le 2026-09-09)";"oui";"hérité (inventaire, non prouvé) : fareList : Cargo (hold, ≤ 65 kg): Quote";"non — aucun tarif n'atteint le Finder aujourd'hui";"décision du Finder déjà correcte (citée)";"A";"tarif hérité présent, masqué : contre-vérifier sur la page officielle (Codex), puis raccorder"
"airline_volotea";"Volotea";"cabin";"confirmation_required (legacy_unreviewed)";"éditorial « Allowed » — Small dogs & cats (min 8 weeks) ≤ 10 kg (pet + carrier) in a soft carrier under the seat (max 50 × 40 × 20 cm); one per passenger, max 5/fli | plafond hérité 10 kg (base non qualifiée)";"https://www.volotea.com";"À LIRE (Codex)";"non";"hérité (inventaire, non prouvé) : fareList : Cabin (≤ 10 kg): €39 online / €60 airport";"non — aucun tarif n'atteint le Finder aujourd'hui";"ancienne information présente, non raccordée (piste)";"C";"lire la page officielle actuelle (Codex) : citation, locator, langue, date → import"
"airline_volotea";"Volotea";"hold";"confirmation_required (legacy_unreviewed)";"éditorial « Not offered » — Volotea doesn't transport pets in the hold.";"https://www.volotea.com";"À LIRE (Codex)";"non";"hérité (inventaire, non prouvé) : fareList : Hold / cargo: Not offered";"non — aucun tarif n'atteint le Finder aujourd'hui";"ancienne information présente, non raccordée (piste)";"B";"lire la page officielle actuelle (Codex) : citation, locator, langue, date → import"
"airline_volotea";"Volotea";"cargo";"confirmation_required (legacy_unreviewed)";"éditorial « Not offered » — Volotea publishes no cargo option for pets — its conditions only cover the cabin.";"https://www.volotea.com";"À LIRE (Codex)";"non";"hérité (inventaire, non prouvé) : fareList : Hold / cargo: Not offered";"non — aucun tarif n'atteint le Finder aujourd'hui";"ancienne information présente, non raccordée (piste)";"C";"lire la page officielle actuelle (Codex) : citation, locator, langue, date → import"
"airline_vueling";"Vueling";"cabin";"confirmation_required (legacy_unreviewed)";"éditorial « Allowed » — Dogs, cats, birds & tortoises ≤ 10 kg incl. carrier in a soft carrier under the seat (max 45 × 39 × 21 cm); 1 per passenger, max 5/flight. | plafond hérité 10 kg (base non qualifiée)";"https://www.vueling.com";"À LIRE (Codex)";"non";"hérité (inventaire, non prouvé) : fareList : Cabin (≤ 10 kg): Fly Light fare (per leg)";"non — aucun tarif n'atteint le Finder aujourd'hui";"ancienne information présente, non raccordée (piste)";"C";"lire la page officielle actuelle (Codex) : citation, locator, langue, date → import"
"airline_vueling";"Vueling";"hold";"denied";"éditorial « Not carried » — Under no circumstances are animals carried in the hold.";"https://help.vueling.com/hc/en-gb/articles/19798818168337-Fly-with-my-Pet";"« animals cannot be carried in the plane's cargo hold. » (Fly with my Pet → service features, en, lu le 2026-09-08)";"oui";"hérité (inventaire, non prouvé) : fareList : Hold / cargo: Not carried";"non — aucun tarif n'atteint le Finder aujourd'hui";"décision du Finder déjà correcte (citée)";"A";"tarif hérité présent, masqué : contre-vérifier sur la page officielle (Codex), puis raccorder"
"airline_vueling";"Vueling";"cargo";"confirmation_required (legacy_unreviewed)";"éditorial « Not offered » — No pet cargo service — cabin only.";"https://www.vueling.com";"À LIRE (Codex)";"non";"hérité (inventaire, non prouvé) : fareList : Hold / cargo: Not carried";"non — aucun tarif n'atteint le Finder aujourd'hui";"ancienne information présente, non raccordée (piste)";"C";"lire la page officielle actuelle (Codex) : citation, locator, langue, date → import"
"airline_westjet";"WestJet";"cabin";"accepted_with_conditions";"éditorial « Allowed » — Birds, cats & dogs; one per kennel that fits under the seat (max 41 × 25 × 21 cm) and counts as your carry-on. Not in 787 Business. | conditions héritées : Small pets only: the dog must fit a soft-sided carrier that stays fully under the seat (max 41 × 21.5 × 25.4 cm) and be ";"https://www.westjet.com/en-ca/pets/general-entrance-requirements";"« WestJet accepts small pets in the cabin and as checked kennel on most international flights. » (General entrance requirements for guests travelling with pets → opening policy statement, en, lu le 2026-09-09)";"oui";"hérité (inventaire, non prouvé) : fareList : Cabin / hold — within Canada/US: $50–59 CAD | fareList : Cabin / hold — outside Canada/US: $100–118 CAD";"non — aucun tarif n'atteint le Finder aujourd'hui";"décision du Finder déjà correcte (citée)";"A";"tarif hérité présent, masqué : contre-vérifier sur la page officielle (Codex), puis raccorder"
"airline_westjet";"WestJet";"hold";"accepted_with_conditions";"éditorial « Allowed » — Cats, dogs, rabbits, guinea pigs, chinchillas & birds as checked baggage (pet + kennel ≤ 45 kg). Holiday & heat-destination limits apply. | conditions héritées : Dogs travel as checked baggage in the hold; combined pet + kennel up to 45 kg (100 lb); maximum crate 101 × 68 × 81 cm.";"https://www.westjet.com/en-ca/pets/general-entrance-requirements";"« WestJet accepts small pets in the cabin and as checked kennel on most international flights. » (General entrance requirements for guests travelling with pets → opening policy statement, en, lu le 2026-09-09)";"oui";"hérité (inventaire, non prouvé) : fareList : Cabin / hold — within Canada/US: $50–59 CAD | fareList : Cabin / hold — outside Canada/US: $100–118 CAD";"non — aucun tarif n'atteint le Finder aujourd'hui";"décision du Finder déjà correcte (citée)";"A";"tarif hérité présent, masqué : contre-vérifier sur la page officielle (Codex), puis raccorder"
"airline_westjet";"WestJet";"cargo";"confirmation_required (official_source_unquoted)";"éditorial « Via cargo » — Solo pets, brachycephalic breeds, strong/aggressive breeds (CR82 crate), and all pets to London Heathrow. | conditions héritées : Available via WestJet Cargo where checked-baggage carriage is not possible.";"https://www.westjet.com/en-ca/pets";"À LIRE (Codex)";"non";"À LIRE (Codex)";"non — aucun tarif n'atteint le Finder aujourd'hui";"ancienne information présente, non raccordée (piste)";"B";"lire la page officielle actuelle (Codex) : citation, locator, langue, date → import"
"airline_wizz_air";"Wizz Air";"cabin";"confirmation_required (legacy_unreviewed)";"éditorial « No pets » — No pets on board — only certified guide/assistance dogs. Emotional-support animals aren't accepted.";"https://wizzair.com";"À LIRE (Codex)";"non";"hérité (inventaire, non prouvé) : fareList : Pets (cabin / hold / cargo): Not carried";"non — aucun tarif n'atteint le Finder aujourd'hui";"ancienne information présente, non raccordée (piste)";"C";"lire la page officielle actuelle (Codex) : citation, locator, langue, date → import"
"airline_wizz_air";"Wizz Air";"hold";"confirmation_required (legacy_unreviewed)";"éditorial « Not carried » — No service for carrying pets in the hold.";"https://wizzair.com";"À LIRE (Codex)";"non";"hérité (inventaire, non prouvé) : fareList : Pets (cabin / hold / cargo): Not carried";"non — aucun tarif n'atteint le Finder aujourd'hui";"ancienne information présente, non raccordée (piste)";"B";"lire la page officielle actuelle (Codex) : citation, locator, langue, date → import"
"airline_wizz_air";"Wizz Air";"cargo";"confirmation_required (legacy_unreviewed)";"éditorial « Not offered » — No pet cargo service.";"https://wizzair.com";"À LIRE (Codex)";"non";"hérité (inventaire, non prouvé) : fareList : Pets (cabin / hold / cargo): Not carried";"non — aucun tarif n'atteint le Finder aujourd'hui";"ancienne information présente, non raccordée (piste)";"C";"lire la page officielle actuelle (Codex) : citation, locator, langue, date → import"
